model_name,quantization,activation_precision,governor,prefill_len,decode_len,input_tokens,output_tokens,prefill_latency_s,decode_latency_s,prefill_tps,decode_tps,prefill_avg_power_w,decode_avg_power_w,prefill_energy_j,decode_energy_j,prefill_energy_per_token_in,decode_energy_per_token_out,prefill_tokens_per_s_per_w,decode_tokens_per_s_per_w,prefill_avg_cpu,prefill_peak_mem_gb,prefill_max_temp_c,prefill_freq_mean_mhz,prefill_freq_min_mhz,prefill_freq_max_mhz,prefill_throttled_any,decode_avg_cpu,decode_peak_mem_gb,decode_max_temp_c,decode_freq_mean_mhz,decode_freq_min_mhz,decode_freq_max_mhz,decode_throttled_any
SmolLM2-135M,None (Full Precision),32-bit,ondemand,256,512,119,86,0.2079761028289795,44.55725884437561,572.1811226449161,1.9301007788735558,0.0,5.864059770114943,0.0,220.83754999999994,0.0,2.5678784883720924,0.0,0.3291407070422346,100.0,1.184967041015625,85.1,2146.022272,2146.022272,2146.022272,True,99.75684210526316,1.1850738525390625,87.3,1757.364177291228,1500.009472,2311.034624,True
SmolLM2-135M,None (Full Precision),32-bit,ondemand,256,128,119,128,31.34027409553528,88.75499200820923,3.7970312460334443,1.4421724018426014,5.8967006872852235,5.765780804150454,180.4534,501.00389999999993,1.5164151260504202,3.9140929687499995,0.643924704236863,0.2501261235606571,97.95980392156862,1.1632232666015625,87.3,1724.7897493333335,1500.009472,2311.02464,True,99.85263157894737,1.1688232421875,87.3,1696.474541585965,1500.009472,2256.03584,True
SmolLM2-135M,None (Full Precision),32-bit,ondemand,256,128,119,80,39.63048720359802,72.98228812217712,3.0027387599008897,1.0961563696944492,5.879796306818181,5.591480732484077,222.88620000000003,401.4943500000001,1.8729932773109246,5.018679375000001,0.5106875482096088,0.19604044476559784,99.79367588932806,1.162506103515625,87.3,1694.9450113517787,1500.009472,2201.030656,True,99.84382978723404,1.16607666015625,87.3,1706.1629712340427,1500.009472,2256.032768,True
SmolLM2-135M,None (Full Precision),32-bit,ondemand,1024,128,199,74,68.13575601577759,68.88522553443909,2.9206397879245567,1.0742506745950013,5.81206977124183,5.583624531516183,390.13225,379.5363500000002,1.960463567839196,5.1288695945945975,0.5025128573603688,0.19239307165650305,99.39086757990867,1.189849853515625,87.3,1664.2043563835618,1500.009472,2256.03584,True,99.83856502242152,1.1900482177734375,87.3,1690.4436405381168,1500.009472,2256.019456,True
SmolLM2-135M,None (Full Precision),32-bit,ondemand,1024,128,199,54,0.7765955924987793,45.8503737449646,256.24662555667646,1.17774394381966,6.0756625,5.598986133333333,0.0,244.66505,0.0,4.530834259259259,42.175915063859534,0.2103495018156966,100.0,1.1900787353515625,85.6,1651.2187648,1500.016128,2256.022784,True,99.83800000000001,1.1900787353515625,87.3,1674.669792,1500.009472,2256.029184,True
SmolLM2-135M,None (Full Precision),32-bit,ondemand,256,128,119,104,0.3893430233001709,103.32577466964722,305.64307789908656,1.0065252385719672,0.0,5.594439260969977,0.0,577.4609,0.0,5.5525086538461546,0.0,0.17991530368272396,99.5,1.1712188720703125,86.2,1500.0171946666667,1500.0128,1500.022656,True,99.83144560357674,1.1753082275390625,87.3,1647.2173854903128,1500.009472,2256.029184,True
SmolLM2-135M,None (Full Precision),32-bit,ondemand,256,128,119,128,0.957603931427002,131.46098446846008,124.26849566361807,0.973672915333367,5.685011111111112,5.548875364963504,0.0,721.6899499999998,0.0,5.638202734374999,21.858971466342535,0.17547211845508284,99.74285714285715,1.16912841796875,86.7,1500.0156342857142,1500.0128,1500.022656,True,99.84710743801652,1.1744842529296875,87.3,1666.417476155844,1500.009472,2256.032768,True
SmolLM2-135M,None (Full Precision),32-bit,ondemand,256,128,119,128,0.3630375862121582,112.43312168121338,327.7897510327118,1.1384545593506163,5.736142857142857,5.588214301191766,0.0,619.4318000000002,0.0,4.839310937500001,57.14462822775341,0.20372421277899538,100.0,1.1773529052734375,85.1,1500.0193920000002,1500.016128,1500.022656,True,99.86890410958904,1.17852783203125,87.3,1692.936086619178,1500.009472,2311.027968,True
SmolLM2-135M,None (Full Precision),32-bit,ondemand,1024,128,199,128,0.9639294147491455,133.17025017738342,206.44665154428145,0.9611756366718797,5.395637499999999,5.586572479564033,0.0,736.0027500000003,0.0,5.750021484375003,38.2617719489646,0.172051045643444,100.0,1.190704345703125,86.2,1887.6223744,1500.019456,2146.0288,True,99.87389277389278,1.194000244140625,87.3,1664.8283405128207,1500.009472,2256.026112,True
SmolLM2-135M,None (Full Precision),32-bit,ondemand,256,128,119,126,0.37471795082092285,128.1892614364624,317.57218926741496,0.982921647165059,0.0,5.545977641509434,0.0,704.1258000000003,0.0,5.588300000000002,0.0,0.17723144785299566,100.0,1.1767425537109375,85.6,2173.526336,2146.025344,2201.027328,True,99.89369696969698,1.1767425537109375,87.3,1648.2798103272728,1500.009472,2256.032768,True
SmolLM2-135M,None (Full Precision),32-bit,ondemand,1024,512,199,189,0.30896544456481934,174.68207955360413,644.0849729337639,1.0819655941982427,0.0,5.557687803187803,0.0,963.30375,0.0,5.096845238095239,0.0,0.19467908823119645,100.0,1.194061279296875,85.1,1823.0224,1500.0128,2146.032,True,99.85790408525754,1.1967926025390625,87.3,1647.3053096696271,1500.009472,2256.032768,True
SmolLM2-135M,None (Full Precision),32-bit,ondemand,256,512,119,198,0.7699019908905029,214.23147821426392,154.56512829945964,0.9242339251469386,5.393085714285715,5.531266534541337,0.0,1180.4953500000001,0.0,5.962097727272728,28.65986867036675,0.1670926395203224,100.0,1.17852783203125,85.6,1629.2193024,1500.016128,2146.025344,True,99.86201157742401,1.181488037109375,87.3,1652.752928602026,1500.009472,2256.032768,True
SmolLM2-135M,None (Full Precision),32-bit,ondemand,256,512,119,257,0.7705965042114258,253.96155333518982,154.42582382563003,1.0119641994030486,5.388644444444444,5.526621621621621,0.0,1399.8812000000003,0.0,5.447008560311285,28.657638375981392,0.18310719797497518,99.66,1.1767425537109375,85.6,1629.2206336,1500.016128,2146.032,True,99.84658881376767,1.1822662353515625,87.3,1650.0880964130301,1500.009472,2256.03584,True
SmolLM2-135M,None (Full Precision),32-bit,ondemand,1024,512,199,176,0.28522825241088867,181.61129665374756,697.6868466498486,0.969102711355859,0.0,5.558374313186813,0.0,1007.4358,0.0,5.724067045454546,0.0,0.1743500269596342,99.25,1.196868896484375,86.2,1500.0144639999999,1500.0128,1500.016128,True,99.85025728987992,1.1969757080078125,87.8,1657.954184233276,1500.009472,2256.032768,True
SmolLM2-135M,None (Full Precision),32-bit,ondemand,256,512,119,88,0.998784065246582,79.93969535827637,119.14487239103181,1.100829814344409,5.501533333333333,5.5835319805194805,0.0,443.40464999999995,0.0,5.038689204545454,21.65666645499409,0.19715653428423457,99.75,1.1823883056640625,85.6,1500.0161066666667,1500.009472,1500.022656,True,99.85823754789271,1.1825408935546875,87.3,1647.2087133180075,1500.009472,2201.033984,True
SmolLM2-135M,None (Full Precision),32-bit,ondemand,256,512,119,143,0.4295694828033447,125.20008206367493,277.02154078407324,1.142171775312993,5.5133875,5.537622211538461,0.0,688.2199999999999,0.0,4.8127272727272725,50.24525136027047,0.20625671663428174,100.0,1.1825408935546875,86.2,1500.0172373333335,1500.016128,1500.019456,True,99.7998760842627,1.1825408935546875,87.3,1643.2235702403966,1500.009472,2256.019456,True
SmolLM2-135M,None (Full Precision),32-bit,ondemand,1024,512,199,195,0.7657592296600342,188.36894845962524,259.8728063497816,1.035202466195197,5.6126,5.543942020592021,4.2979002523899075,1038.5740500000006,0.02159748870547692,5.326020769230772,46.3016794978765,0.1867267843621227,100.0,1.197021484375,86.2,1500.0177706666666,1500.0128,1500.022656,True,99.81488486842105,1.197021484375,87.3,1635.307736105263,1500.009472,2256.032768,True
SmolLM2-135M,None (Full Precision),32-bit,ondemand,256,512,119,385,0.4344136714935303,387.732369184494,273.9324469022202,0.9929529505358531,0.0,5.551777542640556,0.0,2154.3812000000007,0.0,5.5957953246753265,0.0,0.1788531588143536,100.0,1.18157958984375,85.1,1715.354752,1500.0128,2146.0288,True,99.83165266106442,1.1899871826171875,87.3,1646.9324156158464,1500.009472,2256.032768,True
SmolLM2-135M,None (Full Precision),32-bit,ondemand,256,512,119,68,0.44350528717041016,40.71652603149414,268.31698165139585,1.6700835416902255,5.816544444444444,5.5070153424657535,0.0,220.16269999999994,0.0,3.2376867647058813,46.12996328218096,0.303264733768192,99.39999999999999,1.190185546875,86.7,1733.6854186666667,1500.0128,2201.027328,True,99.71535580524345,1.19036865234375,87.3,1599.8352131835206,1500.0128,2256.019456,True
SmolLM2-135M,None (Full Precision),32-bit,ondemand,1024,128,199,128,64.79833841323853,90.28353691101074,3.071066401902423,1.4177557102815437,5.551229661016949,5.5480503201024325,357.00425,495.3421499999999,1.7939912060301508,3.869860546874999,0.5532227253123272,0.25554124935466843,99.49661835748792,1.1873016357421875,87.3,1624.6180384154588,1500.009472,2256.029184,True,99.76625222024867,1.1904144287109375,87.8,1601.6758864937833,1500.009472,2256.029184,True
SmolLM2-135M,None (Full Precision),32-bit,ondemand,1024,128,199,128,53.8873655796051,134.3114514350891,3.692887894213854,0.9530088360474658,5.557262947368422,5.511818878005343,295.69810000000007,735.1250999999997,1.4859201005025129,5.743164843749998,0.6645155950309277,0.17290278529477868,99.73750000000001,1.19512939453125,87.3,1601.4698200975608,1500.009472,2201.030656,True,99.83621683967705,1.19512939453125,87.3,1636.1507695317184,1500.009472,2201.033984,True
SmolLM2-135M,None (Full Precision),32-bit,ondemand,2048,128,429,128,157.98796820640564,119.41507530212402,2.7153966524813256,1.0718914649273203,5.551140085592012,5.5125157200811365,873.5769499999997,647.5975499999998,2.036309906759906,5.059355859374999,0.4891601744169886,0.19444687677217973,99.65284147557328,1.2170562744140625,87.8,1605.8242423449651,1500.009472,2256.029184,True,99.83792207792207,1.222503662109375,87.8,1623.1681452883117,1500.009472,2256.026112,True
SmolLM2-135M,None (Full Precision),32-bit,ondemand,1024,128,199,128,0.7187464237213135,119.50984144210815,276.87094284195035,1.0710415013143881,5.4466125000000005,5.506668089430894,0.0,647.7588999999998,0.0,5.0606164062499985,50.83360397714181,0.1944990117290833,99.275,1.1904144287109375,86.2,1661.520096,1500.0128,2146.032,True,99.8439588688946,1.19439697265625,87.8,1661.4230327609255,1500.009472,2256.032768,True
SmolLM2-135M,None (Full Precision),32-bit,ondemand,1024,128,199,128,0.3704488277435303,105.51657390594482,537.186205209892,1.213079569036201,5.385644444444444,5.526673752711497,0.0,575.3746499999999,0.0,4.495114453124999,99.74409019221942,0.2194954186396546,100.0,1.19512939453125,86.2,1500.016128,1500.0128,1500.019456,True,99.80014771048744,1.197601318359375,87.3,1617.894750912851,1500.009472,2256.019456,True
SmolLM2-135M,None (Full Precision),32-bit,ondemand,1024,128,199,128,0.741607666015625,89.37684750556946,268.33595325295255,1.4321382278785764,5.579544444444445,5.5164541025641025,0.0,484.48479999999995,0.0,3.7850374999999996,48.09280684557227,0.2596120988685294,100.0,1.194427490234375,85.6,1500.0193920000002,1500.0128,1500.022656,True,99.78994800693242,1.1945953369140625,87.3,1624.984171590988,1500.009472,2256.026112,True
SmolLM2-135M,None (Full Precision),32-bit,ondemand,1024,512,199,68,0.8044893741607666,49.27479410171509,247.3618749875899,1.3800159136054746,5.645811111111112,5.582380997624703,0.0,269.89855,0.0,3.9690963235294117,43.81334588059011,0.24720919517902304,100.0,1.1945953369140625,86.2,1984.5223680000001,1500.016128,2146.0288,True,99.75949367088607,1.1945953369140625,87.3,1640.0758229873418,1500.009472,2201.033984,True
SmolLM2-135M,None (Full Precision),32-bit,ondemand,1024,128,199,128,0.39299440383911133,124.00331997871399,506.3685336381252,1.0322304275560692,0.0,5.566974346563408,0.0,688.4022000000002,0.0,5.378142187500002,0.0,0.18542036720418575,99.1,1.197601318359375,85.1,1500.017792,1500.016128,1500.019456,True,99.80879396984925,1.197784423828125,87.8,1626.3118896884423,1500.009472,2256.029184,True
SmolLM2-135M,None (Full Precision),32-bit,ondemand,2048,128,429,128,186.72583317756653,123.5707266330719,2.2974860666014187,1.03584403432441,5.540727562922038,5.540819539078156,1033.0937500000007,677.2483499999995,2.408143939393941,5.291002734374996,0.41465422013815517,0.18694780203882017,99.66361365528726,1.2233123779296875,87.3,1629.8102162864282,1500.009472,2256.03584,True,99.86234256926952,1.2234039306640625,87.3,1628.3261731788414,1500.009472,2311.02464,True
SmolLM2-135M,None (Full Precision),32-bit,ondemand,1024,512,199,334,0.6175229549407959,266.3651649951935,322.25522696411963,1.2539177185801567,6.1147625,5.527848269820412,0.0,1461.7217499999995,0.0,4.376412425149699,52.701184545453664,0.22683649358213911,99.625,1.197784423828125,86.2,1823.0208,1500.016128,2146.0288,True,99.8114619883041,1.2062225341796875,87.8,1626.1329880327485,1500.009472,2256.022784,True
SmolLM2-135M,None (Full Precision),32-bit,ondemand,1024,512,199,403,0.9505698680877686,395.91592741012573,209.3481044169031,1.0178928709340251,5.329075,5.5266552765321375,0.0,2182.203200000001,0.0,5.414896277915635,39.2841355051117,0.18417882426217327,100.0,1.1945953369140625,86.2,1949.0191786666667,1500.0128,2256.019456,True,99.83455476753349,1.206146240234375,87.8,1629.4351264680852,1500.009472,2311.02464,True
SmolLM2-135M,None (Full Precision),32-bit,ondemand,2048,128,429,128,173.54736328125,130.87087988853455,2.4719476682844483,0.9780632644100832,5.533947275114905,5.487368940092166,955.56315,714.4220999999999,2.2274199300699298,5.581422656249999,0.44668796889343726,0.17823902039173908,99.8113595706619,1.2235260009765625,87.8,1611.0340263613596,1500.009472,2256.032768,True,99.83811230585424,1.2235260009765625,87.8,1619.9448859832737,1500.009472,2256.029184,True
SmolLM2-135M,None (Full Precision),32-bit,ondemand,1024,512,199,197,1.12434720993042,180.52182626724243,176.99158964632917,1.0912807834569735,5.436111111111112,5.483311573472041,0.0,988.0466499999993,0.0,5.015465228426392,32.55849375200741,0.1990185618370712,100.0,1.2062225341796875,86.7,1684.5906834285713,1500.016128,2146.018816,True,99.81723549488055,1.2064208984375,87.3,1644.045618238908,1500.009472,2256.016128,True
SmolLM2-135M,None (Full Precision),32-bit,ondemand,1024,512,199,200,0.7050011157989502,161.16866946220398,282.2690568006847,1.240935975133197,0.0,5.506281837916063,0.0,880.4256500000005,0.0,4.402128250000002,0.0,0.22536731893891726,99.75,1.2064208984375,86.7,1500.016928,1500.0128,1500.022656,True,99.82083739045764,1.2064208984375,87.3,1622.1826344381695,1500.009472,2256.029184,True
SmolLM2-135M,None (Full Precision),32-bit,ondemand,1024,512,199,498,0.9921362400054932,468.8930311203003,200.57729168213652,1.0620759255264598,5.2793375000000005,5.487928610626091,0.0,2568.006850000002,0.0,5.15664026104418,37.992890525020705,0.19352947184298244,100.0,1.2063446044921875,86.2,1715.3563733333333,1500.016128,2146.032,True,99.81927831607082,1.2103118896484375,87.8,1623.9190286882726,1500.009472,2256.03584,True
SmolLM2-135M,None (Full Precision),32-bit,ondemand,2048,128,429,128,156.45638871192932,95.78907823562622,2.74197815462738,1.3362692527966489,5.501441238670695,5.502353468899521,852.4746500000001,523.6915,1.9871203962703965,4.09133984375,0.4984108773812733,0.2428541278472073,99.8316430020284,1.22222900390625,87.3,1637.3549225801216,1500.009472,2256.032768,True,99.80888529886914,1.2274932861328125,87.8,1596.2319678449112,1500.009472,2256.03584,True
SmolLM2-135M,None (Full Precision),32-bit,ondemand,2048,512,429,452,188.10296082496643,411.35203647613525,2.2806658551174697,1.098815515469614,5.487420886460231,5.506476713107762,1024.2268999999997,2264.6419,2.387475291375291,5.010269690265487,0.4156170817414114,0.19954965265792635,99.79809128630706,1.2235260009765625,87.8,1612.8513452082989,1500.009472,2256.032768,True,99.81943597560976,1.228302001953125,87.8,1624.1668222439025,1500.009472,2256.03584,True
SmolLM2-135M,None (Full Precision),32-bit,ondemand,2048,128,429,128,164.30431699752808,106.17785477638245,2.6110086931340595,1.2055244501744402,5.541010778859527,5.642996634093376,907.1811,593.2896999999999,2.114641258741259,4.635075781249999,0.47121523442902735,0.21363196335985837,99.67601895734597,1.22265625,87.8,1616.3344434957346,1500.009472,2311.02464,True,99.75809379727686,1.22528076171875,87.3,1626.7782386444783,1500.009472,2256.019456,True
SmolLM2-135M,None (Full Precision),32-bit,ondemand,2048,128,429,128,124.12223076820374,115.44273829460144,3.456270462953172,1.1087748081074909,5.667736808118081,5.561180558325025,702.0529000000002,640.3003999999999,1.636486946386947,5.002346874999999,0.6098149190701032,0.19937759554446896,99.57295514511874,1.227691650390625,87.3,1631.22906562533,1500.009472,2256.032768,True,99.78744884038198,1.227691650390625,87.3,1651.7178619809006,1500.009472,2256.026112,True
SmolLM2-135M,None (Full Precision),32-bit,ondemand,2048,128,429,128,139.1194829940796,94.50639748573303,3.083680234911861,1.3544056635882589,5.632561767134599,5.586711843711844,776.4164499999999,524.69325,1.8098285547785546,4.099166015625,0.5474738427024108,0.24243342085250344,99.7955223880597,1.225311279296875,87.3,1629.907762553387,1500.009472,2256.029184,True,99.79165302782323,1.225311279296875,87.3,1629.930591319149,1500.009472,2256.022784,True
SmolLM2-135M,None (Full Precision),32-bit,ondemand,2048,128,429,128,162.4429473876953,97.74429607391357,2.6409272110541364,1.3095393300823126,5.6159323446327685,5.567063345195729,901.7059999999999,537.9803500000002,2.1018787878787877,4.202971484375001,0.47025623689681917,0.2352298238554121,99.79980713596913,1.2277069091796875,87.3,1626.9824929450338,1500.009472,2256.032768,True,99.82121212121213,1.2277069091796875,87.3,1614.9961366251994,1500.009472,2256.019456,True
SmolLM2-135M,None (Full Precision),32-bit,ondemand,2048,512,429,512,140.6007215976715,458.62859773635864,3.0511934442810476,1.1163717276398926,5.618124732949877,5.575642182001006,783.0727999999998,2548.7746500000026,1.8253445221445217,4.978075488281255,0.5430982025703397,0.20022298619586906,99.76954022988505,1.2285308837890625,87.3,1640.642213075862,1500.009472,2256.029184,True,99.79720689655173,1.2310791015625,87.8,1626.4990366896554,1500.009472,2311.034624,True
SmolLM2-135M,None (Full Precision),32-bit,ondemand,2048,128,429,128,156.3583788871765,112.15129828453064,2.7436969035701853,1.1413153655632307,5.558537463343108,5.525132738719832,867.2547000000004,613.7531,2.021572727272728,4.79494609375,0.493600505828025,0.20656795402668865,99.78580121703854,1.2253265380859375,87.3,1617.4761405273834,1500.009472,2256.022784,True,99.79064748201439,1.2253265380859375,87.8,1633.6695732489209,1500.009472,2256.03584,True
SmolLM2-135M,None (Full Precision),32-bit,ondemand,2048,512,429,309,139.3063440322876,307.52535247802734,3.079543885672349,1.0047952063466963,5.5262812865497075,5.520328814213982,764.1983,1695.6389999999997,1.7813480186480186,5.487504854368931,0.5572542775134487,0.18201727472456097,99.77197674418603,1.2277069091796875,87.8,1617.9676032,1500.009472,2256.022784,True,99.80864836872087,1.2277069091796875,87.3,1619.8709482920767,1500.009472,2256.03584,True
SmolLM2-135M,None (Full Precision),32-bit,ondemand,2048,512,429,268,138.33849000930786,261.83118176460266,3.101089219429354,1.0235602887090178,5.552812225969646,5.506583009489381,760.6369,1438.0283000000006,1.7730463869463868,5.365777238805973,0.5584718325114684,0.18587938962240966,99.76943127962085,1.2311859130859375,87.3,1608.2177481706162,1500.009472,2256.03584,True,99.82966706302021,1.2311859130859375,88.4,1635.1130117479192,1500.009472,2256.029184,True
SmolLM2-135M,None (Full Precision),32-bit,ondemand,2048,512,429,358,127.83991289138794,302.06180238723755,3.3557594830690785,1.185187922374411,5.543107123287671,5.523969649805448,704.4641999999997,1661.48015,1.6421076923076916,4.6410060055865925,0.6053932223266768,0.2145536629471078,99.7723870967742,1.2253265380859375,87.8,1617.2836794632258,1500.009472,2201.027328,True,99.83579487179486,1.227752685546875,87.8,1633.004612857436,1500.009472,2256.032768,True
SmolLM2-135M,INT4,32-bit,ondemand,256,128,119,129,35.47042226791382,105.77653980255127,3.354907903299651,1.219552088211611,5.631852631578948,5.480964585575888,192.18114999999997,576.3180500000002,1.6149676470588232,4.467581782945738,0.5957023599104844,0.2225068360085877,99.81205357142858,1.3566131591796875,87.3,1596.9066525714286,1500.009472,2256.019456,True,99.84956140350879,1.3621063232421875,87.8,1597.7789780584794,1500.009472,2201.030656,True
SmolLM2-135M,INT4,32-bit,ondemand,256,128,119,128,0.8841695785522461,112.24170088768005,134.58956617219582,1.1403961182670355,5.174677777777777,5.518100313479624,0.0,612.8127000000003,0.0,4.787599218750002,26.009265108289352,0.2066646225117137,100.0,1.3648529052734375,86.7,1607.6827093333334,1500.0128,2146.015616,True,99.82520891364902,1.3703460693359375,87.3,1630.8812969359333,1500.009472,2201.033984,True
SmolLM2-135M,None (Full Precision),32-bit,ondemand,2048,512,429,216,173.5174617767334,204.1310522556305,2.472373648203767,1.0581437640830176,5.542885873850198,5.501381016949153,952.2302500000002,1124.616899999999,2.219650932400933,5.2065597222222175,0.4460444801628953,0.19234147949814645,99.82053571428571,1.227813720703125,87.3,1602.7117329142857,1500.009472,2256.022784,True,99.84320798158096,1.227813720703125,87.3,1605.4831756868764,1500.009472,2256.026112,True
SmolLM2-135M,INT4,32-bit,ondemand,256,128,119,119,0.9347987174987793,98.10235404968262,127.3001318598358,1.2130188021760828,5.604071428571428,5.4683675990676,0.0,531.0381,0.0,4.462505042016806,22.71565119795176,0.22182466343025517,100.0,1.3723602294921875,86.7,1607.6854613333335,1500.016128,2146.015616,True,99.83987341772152,1.3723602294921875,87.3,1609.6723232405063,1500.009472,2256.026112,True
SmolLM2-135M,None (Full Precision),32-bit,ondemand,2048,512,429,282,158.57536149024963,267.97223353385925,2.7053383070886334,1.0523478357483194,5.496263570914326,5.478382569204152,864.2755499999997,1468.6249500000008,2.014628321678321,5.207889893617024,0.492214078197598,0.19209097255528004,99.83612204724409,1.2279815673828125,87.8,1607.487242456693,1500.009472,2256.019456,True,99.84102266124346,1.2279815673828125,87.8,1616.6934639116794,1500.009472,2256.032768,True
SmolLM2-135M,INT4,32-bit,ondemand,256,512,119,79,1.1613478660583496,63.12719655036926,102.46714483911668,1.2514416023047341,5.357722222222222,5.469225729927007,0.0,343.9893500000001,0.0,4.3542955696202545,19.125132022357143,0.22881513108098323,100.0,1.3726348876953125,86.7,1684.5892388571428,1500.0128,2146.025344,True,99.8585,1.3726348876953125,87.8,1591.4213072000002,1500.009472,2201.030656,True
SmolLM2-135M,INT4,32-bit,ondemand,256,512,119,75,0.8872284889221191,60.899965047836304,134.12553979704975,1.231527800403305,5.782555555555556,5.540818691588785,0.0,332.6634499999998,0.0,4.435512666666664,23.194855372930995,0.22226459102024404,100.0,1.3726348876953125,86.2,1640.2177536,1500.0128,2201.024256,True,99.83410852713179,1.3726348876953125,87.8,1637.6441967131784,1500.009472,2256.03584,True
SmolLM2-135M,INT4,32-bit,ondemand,256,512,119,13,0.8901462554931641,10.972504615783691,133.68589629585188,1.1847796337492358,5.2365375,5.558560215053763,0.0,55.3566,0.0,4.2582,25.5294450380336,0.21314505697727273,99.41666666666667,1.3726348876953125,86.2,1607.6865493333335,1500.019456,2146.018816,True,99.91369863013698,1.3726348876953125,87.3,1617.3204041643837,1500.009472,2201.027328,True
SmolLM2-135M,INT4,32-bit,ondemand,1024,128,199,69,73.84799003601074,64.21973752975464,2.6947246621466743,1.07443603250528,5.548725384615384,5.435006972477065,402.59825000000006,346.1073500000001,2.0231067839195984,5.016048550724639,0.48564750917718413,0.19768806883712126,99.76680761099365,1.3780670166015625,87.8,1617.2703266638478,1500.009472,2256.03584,True,99.81995133819952,1.3808135986328125,87.3,1612.8194463454988,1500.009472,2256.026112,True
SmolLM2-135M,None (Full Precision),32-bit,ondemand,2048,512,429,381,181.3684537410736,384.87156915664673,2.3653507054344285,0.9899406205422491,5.471696677115988,5.519434441087614,997.0068999999996,2123.6668000000004,2.324025407925407,5.573928608923886,0.43228834583008235,0.17935544503852818,99.83929492691315,1.227813720703125,87.8,1602.9449429957008,1500.009472,2256.019456,True,99.82378048780488,1.229217529296875,87.8,1621.0621308878049,1500.009472,2256.032768,True
SmolLM2-135M,INT4,32-bit,ondemand,1024,128,199,87,1.235788106918335,79.37514781951904,161.03084249308978,1.0960609509391797,5.720371428571428,5.515437104072398,0.0,438.49989999999997,0.0,5.0402287356321835,28.15041724192806,0.19872603571707637,99.74285714285715,1.3808135986328125,86.2,1776.8753737142856,1500.016128,2146.025344,True,99.87976424361494,1.3828277587890625,87.3,1619.3469621060904,1500.009472,2256.029184,True
SmolLM2-135M,INT4,32-bit,ondemand,1024,128,199,48,0.8760850429534912,39.774991512298584,227.14689812432323,1.2067884410524188,6.307955555555556,5.890636467236468,0.0,229.90125,0.0,4.789609375,36.00959076578622,0.20486554343737515,99.7,1.3828277587890625,85.6,1733.6893226666668,1500.016128,2256.032768,True,99.88110236220471,1.3831024169921875,87.3,1731.0317691968505,1500.009472,2311.017984,True
SmolLM2-135M,None (Full Precision),32-bit,ondemand,2048,512,429,341,160.35971546173096,344.3125534057617,2.675235477718085,0.9903792255815373,5.558375759717315,5.638174444444444,885.0638499999993,1937.321349999999,2.063085897435896,5.681294281524924,0.481298061406007,0.17565600982023608,99.79533527696792,1.2279815673828125,87.8,1628.543751712342,1500.009472,2256.032768,True,99.86916817359855,1.227996826171875,87.8,1673.0105625461122,1500.009472,2311.027968,True
SmolLM2-135M,INT4,32-bit,ondemand,256,128,119,128,37.58345341682434,119.10293388366699,3.1662870008302457,1.0747006461236561,5.929058035714286,5.9815741561181435,219.47760000000005,707.4316000000003,1.8443495798319332,5.526809375000003,0.5340286739913478,0.1796685317399966,99.8724279835391,1.3548431396484375,86.7,1746.748968032922,1500.009472,2311.034624,True,99.91957950065704,1.3603363037109375,87.3,1746.615881671485,1500.009472,2366.033152,True
SmolLM2-135M,INT4,32-bit,ondemand,1024,512,199,110,1.9011924266815186,103.91638684272766,104.67115122447089,1.0585433476096469,6.175528571428571,5.9077527485380115,5.84235,608.2584000000002,0.029358542713567838,5.52962181818182,16.94934288033867,0.1791786814151293,100.0,1.3831024169921875,85.6,1845.936864,1500.0128,2256.022784,True,99.91465256797584,1.3842010498046875,87.3,1740.0157836374624,1500.009472,2256.03584,True
SmolLM2-135M,INT4,32-bit,ondemand,256,128,119,15,0.7613625526428223,19.847134590148926,156.29872993743945,0.7557766050241435,6.3172999999999995,5.8058476190476185,0.0,110.77849999999998,0.0,7.385233333333332,24.741381592996923,0.13017506738286042,100.0,1.3630828857421875,86.2,1661.5167999999999,1500.0128,2146.018816,True,99.92558139534883,1.3637237548828125,86.7,1772.3621864186046,1500.0128,2256.029184,True
SmolLM2-135M,INT4,32-bit,ondemand,1024,512,199,17,2.1411614418029785,16.635444402694702,92.9402127811674,1.0219143888483222,5.84335,5.8869604477611945,11.8558,87.7732,0.05957688442211055,5.163129411764706,15.90529623951456,0.17358947761182178,99.88571428571429,1.3842010498046875,86.2,1830.8791314285716,1500.0128,2201.030656,True,99.93177570093458,1.3844757080078125,86.7,1705.4214280373833,1500.009472,2256.032768,True
SmolLM2-135M,INT4,32-bit,ondemand,256,128,119,128,36.280375957489014,143.78826689720154,3.2800101117870573,0.8901978079443086,5.839332154340836,5.759524699278268,202.96795,821.8830999999997,1.705613025210084,6.420961718749997,0.5617098026096644,0.15456098452982764,99.91991150442479,1.35345458984375,87.3,1722.9182414159293,1500.009472,2311.027968,True,99.91448349307774,1.35894775390625,87.3,1725.6613629818955,1500.009472,2311.034624,True
SmolLM2-135M,INT4,32-bit,ondemand,1024,512,199,64,1.8301036357879639,55.21470832824707,108.73701145034836,1.1591114385595422,6.0467875,5.776715800415801,6.3378499999999995,310.7292999999999,0.031848492462311556,4.855145312499999,17.982608360281947,0.20065232194322435,100.0,1.3844757080078125,86.7,1612.2689173333335,1500.0128,2201.033984,True,99.87492877492878,1.3844757080078125,87.3,1723.1484878404558,1500.009472,2256.029184,True
SmolLM2-135M,INT4,32-bit,ondemand,256,128,119,128,2.478274345397949,133.48641705513,48.01728276006971,0.9588990612216065,6.1099,5.781534035087719,6.1085,762.7079999999995,0.05133193277310925,5.958656249999996,7.8589310397992955,0.16585547285584004,99.91875,1.3658447265625,86.2,1705.331864,1500.009472,2201.030656,True,99.86796230859835,1.3705902099609375,87.3,1719.9859183415783,1500.009472,2256.03584,True
SmolLM2-135M,INT4,32-bit,ondemand,256,128,119,128,1.6596360206604004,105.65702486038208,71.70246880556839,1.2114670100652796,5.709529411764706,5.775198539325842,5.636,601.4349000000003,0.047361344537815125,4.698710156250002,12.558385049707018,0.20977062551458153,99.69090909090909,1.3616943359375,86.7,1558.7454254545455,1500.0128,2146.032,True,99.81854599406527,1.3671875,87.3,1685.0034596083087,1500.009472,2256.032768,True
SmolLM2-135M,INT4,32-bit,ondemand,256,128,119,58,1.205979824066162,53.486164808273315,98.67495096126207,1.084392575311896,6.14365,5.606549674620391,0.0,292.32404999999994,0.0,5.040069827586206,16.061291082868014,0.19341531570133072,99.7875,1.3693084716796875,86.2,1580.768928,1500.0128,2146.018816,True,99.83901734104047,1.3693084716796875,87.8,1646.0076578034682,1500.009472,2256.026112,True
SmolLM2-135M,INT4,32-bit,ondemand,256,512,119,166,1.5714366436004639,161.69619488716125,75.72688373064032,1.0266166134326298,5.8741,5.647017351274787,5.8056,903.9551500000008,0.04878655462184874,5.445512951807234,12.891657229301565,0.18179802709493642,99.86,1.3705902099609375,86.2,1629.2193024,1500.0128,2146.0288,True,99.83490838958535,1.3719635009765625,87.3,1663.4591812381873,1500.009472,2311.031296,True
SmolLM2-135M,INT4,32-bit,ondemand,256,512,119,27,0.9246892929077148,27.272234201431274,128.69187619313806,0.9900178988116424,5.531644444444444,5.507628879310345,0.0,142.21779999999998,0.0,5.267325925925925,23.26466884949307,0.17975392324103193,100.0,1.3719635009765625,86.2,1758.4224512,1500.0128,2146.032,True,99.91292134831461,1.3722381591796875,87.3,1693.3738728988765,1500.009472,2311.021568,True
SmolLM2-135M,INT4,32-bit,ondemand,2048,128,429,128,153.44260811805725,155.5423867702484,2.7958336035968028,0.8229268089415958,5.720616261398177,5.609984063444109,870.7296000000005,869.0928000000005,2.0296727272727284,6.789787500000004,0.48872944379483213,0.14668968746345787,99.8019367991845,1.4022064208984375,87.3,1682.5551567461773,1500.009472,2311.021568,True,99.90845070422536,1.4076995849609375,88.4,1691.147467331992,1500.009472,2366.026496,True
SmolLM2-135M,INT4,32-bit,ondemand,256,512,119,117,2.218639850616455,118.61821389198303,53.63646558811045,0.9863577958317884,5.676588461538461,5.60002039800995,11.6791,654.4814499999999,0.0981436974789916,5.593858547008546,9.448714831367917,0.1761346791133663,100.0,1.369476318359375,86.7,1586.1529002666668,1500.0128,2146.032,True,99.898687664042,1.369476318359375,87.3,1692.3572747086614,1500.009472,2311.027968,True
SmolLM2-135M,INT4,32-bit,ondemand,256,512,119,109,1.393496036529541,86.54095983505249,85.39672656433659,1.2595191942376713,6.045505882352941,5.672398958333333,6.7273,478.0350500000001,0.05653193277310924,4.3856426605504595,14.12565436642992,0.2220434781632045,100.0,1.369476318359375,86.2,1643.5751964444446,1500.0128,2146.032,True,99.79417122040073,1.369476318359375,87.3,1642.1485583387978,1500.009472,2256.026112,True
SmolLM2-135M,INT4,32-bit,ondemand,2048,128,429,127,151.60694026947021,130.33423566818237,2.829685760015234,0.9744178062572063,5.607387380777696,5.499281147540983,842.6718500000001,708.3963999999997,1.9642700466200467,5.5779244094488165,0.5046353261976313,0.17719003268143868,99.81805985552116,1.4079742431640625,87.3,1641.2822457461302,1500.009472,2256.032768,True,99.84295942720763,1.4079742431640625,87.3,1652.704538424821,1500.009472,2256.032768,True
SmolLM2-135M,INT4,32-bit,ondemand,256,512,119,511,2.2309117317199707,558.4460606575012,53.3414201503411,0.9150391344839297,5.86819375,5.561813693805677,5.8825,3102.4353499999975,0.0494327731092437,6.071302054794516,9.08992143457109,0.16452171627090464,100.0,1.3722381591796875,86.7,1632.8856661333334,1500.0128,2201.030656,True,99.82836322869954,1.3870697021484375,87.8,1637.524616143498,1500.009472,2256.03584,True
SmolLM2-135M,INT4,32-bit,ondemand,2048,128,429,61,165.37129664421082,62.930567264556885,2.5941624012477504,0.9693222650220062,5.569182605633803,5.464225576923077,923.9416000000002,338.12935,2.153710023310024,5.543104098360655,0.4658066694784774,0.17739426225661692,99.80531813865147,1.4079742431640625,87.8,1614.0493102678063,1500.009472,2201.033984,True,99.88029925187033,1.4079742431640625,87.3,1635.650295700748,1500.009472,2256.026112,True
SmolLM2-135M,INT4,32-bit,ondemand,256,512,119,523,0.8807005882263184,472.7720491886139,135.11970082779135,1.106241371285779,5.769155555555556,5.523902145499384,0.0,2609.4105000000004,0.0,4.9893126195028685,23.42105348462556,0.20026447647829762,100.0,1.369476318359375,85.6,1661.518464,1500.0128,2146.0288,True,99.83027796161481,1.38568115234375,87.8,1622.3255303031106,1500.009472,2256.029184,True
SmolLM2-135M,INT4,32-bit,ondemand,1024,128,199,21,64.85671424865723,16.92591881752014,3.0683022152038797,1.2407007398772791,5.493282967959527,5.503361643835617,352.12979999999993,88.927,1.76949648241206,4.234619047619048,0.5585552816230759,0.22544415943789617,99.64668246445498,1.38818359375,87.8,1597.1111494976303,1500.009472,2201.030656,True,99.7990566037736,1.38818359375,87.3,1598.0474698867924,1500.009472,2201.033984,True
SmolLM2-135M,INT4,32-bit,ondemand,1024,128,199,127,59.90375256538391,89.16012835502625,3.3219955591729406,1.4244035124568166,5.65113320754717,5.505064516129033,334.55785000000003,485.3590999999999,1.6811952261306533,3.8217251968503927,0.587845912875734,0.2587441996880369,99.22677165354331,1.3896026611328125,87.3,1588.9085705406824,1500.009472,2201.030656,True,99.72069565217392,1.3896026611328125,87.8,1598.6225793113042,1500.009472,2256.019456,True
SmolLM2-135M,INT4,32-bit,ondemand,2048,512,429,13,138.5741355419159,10.83478045463562,3.0958158123976616,1.1998397248961328,5.574583566146262,5.364108139534884,771.04755,47.377300000000005,1.7973136363636364,3.6444076923076927,0.5553447671316936,0.22367925733133515,99.4891011235955,1.4079742431640625,87.8,1594.2084645393256,1500.009472,2201.033984,True,99.88055555555555,1.4079742431640625,87.3,1644.3380177777778,1500.009472,2201.020672,True
SmolLM2-135M,INT4,32-bit,ondemand,1024,128,199,14,1.6861176490783691,14.195866107940674,118.02260661275521,0.9862025954280371,5.3419375,5.354514876033058,5.5051000000000005,70.26275,0.02766381909547739,5.018767857142857,22.09359555643532,0.1841815025750147,99.89090909090909,1.38818359375,86.2,1558.744832,1500.009472,2146.022272,True,99.88586956521739,1.38818359375,86.7,1627.0079234782609,1500.009472,2201.033984,True
SmolLM2-135M,INT4,32-bit,ondemand,1024,128,199,10,1.8130228519439697,9.210144996643066,109.76144056134046,1.085759236542402,5.528288235294117,5.733327272727273,5.9452,45.9641,0.02987537688442211,4.5964100000000006,19.854507559970035,0.1893768112117416,99.75833333333333,1.3896026611328125,86.2,1553.8510826666668,1500.0128,2146.022272,True,99.8103448275862,1.3896026611328125,86.7,1668.9854256551723,1500.0128,2201.033984,True
SmolLM2-135M,INT4,32-bit,ondemand,1024,128,199,96,0.9693360328674316,80.91943264007568,205.29516416647604,1.18636521374293,5.516988888888888,5.4414729957805905,0.0,435.3468500000001,0.0,4.534863020833334,37.21145144590315,0.21802280644650032,100.0,1.3896026611328125,86.7,1629.2179968,1500.0128,2146.0288,True,99.81623762376238,1.3896026611328125,87.3,1572.1985743841585,1500.009472,2201.030656,True
SmolLM2-135M,INT4,32-bit,ondemand,1024,128,199,76,56.1242151260376,61.389891147613525,3.545706600138775,1.2379888378895494,5.49465512295082,5.422429963235294,301.3132000000001,326.16360000000003,1.514136683417086,4.2916263157894745,0.6453010281443484,0.22830886637231973,99.75800000000001,1.38818359375,87.3,1591.087297097143,1500.009472,2256.032768,True,99.81879895561357,1.38818359375,87.3,1621.4970041148827,1500.009472,2201.033984,True
SmolLM2-135M,INT4,32-bit,ondemand,1024,512,199,161,1.1682541370391846,175.44512701034546,170.33964930297122,0.9176658408443931,5.606879999999999,5.390212918032787,0.0,941.0584,0.0,5.845083229813665,30.3804699410316,0.17024667759864756,99.775,1.3896026611328125,87.3,1836.770864,1500.0128,2256.022784,True,99.8618962432916,1.3896026611328125,87.8,1612.7674401431127,1500.009472,2256.026112,True
SmolLM2-135M,INT4,32-bit,ondemand,1024,512,199,67,85.32135033607483,66.76085901260376,2.3323587732279543,1.0035820537802111,5.402271540469974,5.36114404973357,461.0751,350.5473,2.316960301507538,5.232049253731343,0.4317366788684319,0.18719550239096555,99.8087037037037,1.38818359375,87.8,1618.4783983407408,1500.009472,2256.026112,True,99.9083916083916,1.38818359375,87.3,1625.0356581445221,1500.009472,2256.029184,True
SmolLM2-135M,INT4,32-bit,ondemand,1024,512,199,26,2.0435712337493896,23.130605697631836,97.37854825588335,1.1240518445507865,5.424664,5.374328855721393,10.813500000000001,118.8042,0.0543391959798995,4.569392307692308,17.95107462063703,0.20915204013876926,99.74166666666667,1.3896026611328125,86.7,1769.1855893333334,1500.0128,2146.0288,True,99.84189189189189,1.3896026611328125,87.3,1614.2483857297298,1500.009472,2201.024256,True
SmolLM2-135M,INT4,32-bit,ondemand,1024,512,199,13,75.65131974220276,13.406360387802124,2.6304894703507213,0.9696889852243675,5.424947727272727,5.522443636363636,407.15930000000014,66.82215,2.04602663316583,5.1401653846153845,0.4848875238237811,0.17559056263413106,99.82600422832981,1.38818359375,87.3,1611.4583662410148,1500.009472,2256.032768,True,99.92758620689656,1.38818359375,87.3,1620.7201824367817,1500.009472,2256.03584,True
SmolLM2-135M,INT4,32-bit,ondemand,1024,512,199,92,1.2664878368377686,89.93509197235107,157.12744663768217,1.0229599812749817,5.4701,5.393868407643312,0.0,481.0259499999999,0.0,5.228542934782608,28.724785038241013,0.1896523800664861,100.0,1.3896026611328125,86.7,1661.51968,1500.016128,2146.032,True,99.85440140845071,1.3896026611328125,87.3,1609.3956772957745,1500.009472,2201.024256,True
SmolLM2-135M,INT4,32-bit,ondemand,2048,512,429,508,155.90958523750305,581.1839897632599,2.7515947742820805,0.874077760137421,5.474159985475672,5.412739105252646,848.7119,3144.996349999999,1.9783494172494174,6.1909376968503915,0.5026515084657291,0.16148529296178268,99.79907881269192,1.4079742431640625,87.8,1604.0680658669398,1500.009472,2201.033984,True,99.84840921557871,1.41473388671875,87.8,1604.8875858782228,1500.009472,2256.032768,True
SmolLM2-135M,INT4,32-bit,ondemand,2048,128,429,127,152.15026783943176,131.87261724472046,2.819580971442884,0.9630505760291526,5.44482344461305,5.4041164125560535,829.74395,703.5677000000002,1.9341350815850817,5.5399031496063005,0.5178461707941138,0.1782068524267127,99.82161290322581,1.4045257568359375,87.8,1594.2219053419356,1500.009472,2256.029184,True,99.86904761904762,1.4100189208984375,87.3,1596.2973776761905,1500.009472,2256.032768,True
SmolLM2-135M,INT4,32-bit,ondemand,1024,512,199,511,65.68783569335938,555.1063704490662,3.029480236325059,0.9205442906133733,5.438946167557932,5.437445560500106,354.8356499999999,3013.8371,1.7830937185929643,5.897919960861057,0.5569976504631017,0.1692971967021784,99.82754342431762,1.38818359375,87.3,1601.8253324069478,1500.009472,2256.03584,True,99.85358469008855,1.397064208984375,87.8,1608.5242286249645,1500.009472,2256.032768,True
SmolLM2-135M,INT4,32-bit,ondemand,2048,128,429,127,140.47532081604004,133.1999819278717,3.0539172112786876,0.9534535828148308,5.487701791808874,5.407539285714286,758.9805999999998,720.0187500000001,1.7691855477855472,5.669438976377953,0.5565020343920776,0.17631930762549947,99.85029036004646,1.4102935791015625,87.8,1600.765606950058,1500.009472,2201.030656,True,99.88232558139535,1.4102935791015625,87.3,1609.0816193488372,1500.009472,2256.019456,True
SmolLM2-135M,INT4,32-bit,ondemand,2048,128,429,44,131.70484066009521,49.06753706932068,3.2572834669544624,0.896723223296057,5.44117436123348,5.311161722488038,710.8272499999999,255.32380000000006,1.6569399766899766,5.802813636363638,0.5986361124836398,0.16883749171094398,99.80675159235669,1.4031219482421875,87.8,1580.543554201274,1500.009472,2256.03584,True,99.89456869009585,1.4031219482421875,87.8,1587.405263744409,1500.009472,2256.029184,True
SmolLM2-135M,INT4,32-bit,ondemand,2048,128,429,110,130.09349870681763,115.85822916030884,3.297628277080982,0.9494362273377835,5.430133928571428,5.367805870445344,697.5227999999998,616.9213499999997,1.6259272727272724,5.608375909090907,0.6072830468747812,0.1768760365506685,99.8109833971903,1.4102935791015625,87.8,1569.6721212158366,1500.009472,2201.030656,True,99.89904632152587,1.4102935791015625,88.4,1598.4605099945504,1500.009472,2256.019456,True
SmolLM2-135M,INT4,32-bit,ondemand,2048,512,429,510,130.38521647453308,543.9842200279236,3.2902503182467204,0.9375271951341179,5.5004546203110705,5.414072296137339,715.5803499999998,2937.7995500000015,1.6680194638694634,5.760391274509807,0.5981778862599988,0.17316488289286333,99.84509316770186,1.4153289794921875,87.8,1596.2657849242237,1500.009472,2256.032768,True,99.86036852880959,1.4153289794921875,87.8,1593.6388361509214,1500.009472,2256.029184,True
SmolLM2-135M,INT4,32-bit,ondemand,2048,128,429,128,120.22925281524658,66.80569815635681,3.568183199634735,1.9160042261727388,5.404858018867924,5.414753770491803,645.2809,358.19115,1.504151282051282,2.798368359375,0.6601807461321824,0.3538488188722781,96.02247043363995,1.4031219482421875,87.8,1577.9895320893563,1500.009472,2311.031296,True,99.63950892857143,1.4031219482421875,87.8,1569.6009874285714,1500.009472,2256.022784,True
SmolLM2-135M,INT4,32-bit,ondemand,2048,512,429,235,102.95350122451782,129.32350254058838,4.166929680851261,1.817148433064167,5.426212658227849,5.396117602682313,556.4527499999998,697.8197,1.2970926573426569,2.969445531914894,0.767925981399362,0.33675108047328234,95.40264317180616,1.4102935791015625,87.8,1594.9806012334802,1500.009472,2256.032768,True,99.74551804423749,1.4102935791015625,87.8,1558.1172818253785,1500.009472,2256.022784,True
SmolLM2-135M,INT4,32-bit,ondemand,2048,128,429,129,99.66036224365234,74.21647715568542,4.304620115178482,1.7381584918049136,5.4209281521739126,5.399740625,531.8731499999999,398.8855999999999,1.2397975524475522,3.0921364341085265,0.7940743714620593,0.321896663657787,98.89039634146341,1.4031219482421875,87.8,1574.6298753170731,1500.009472,2256.032768,True,99.77181628392484,1.4031219482421875,87.8,1589.4883302881,1500.009472,2201.027328,True
SmolLM2-135M,INT4,32-bit,ondemand,2048,512,429,511,87.31911706924438,366.5362138748169,4.913013488899589,1.3941323685264067,5.39217153652393,5.337410913476032,462.08650000000006,1949.3462999999997,1.0771247086247087,3.8147677103718194,0.9111382038982329,0.26120011951983413,94.95454545454545,1.4102935791015625,87.3,1570.7123851188812,1500.009472,2201.033984,True,99.77192118226601,1.4168853759765625,87.8,1586.1094576551725,1500.009472,2256.022784,True
SmolLM2-135M,INT4,32-bit,ondemand,2048,512,429,513,97.09434747695923,344.4276421070099,4.41838285284118,1.489427494441972,5.410711197339246,5.33413796534018,519.0769500000001,1830.2559500000002,1.2099695804195807,3.5677503898635483,0.8165992771918689,0.27922552887080887,96.40527108433734,1.4031219482421875,87.8,1567.727648,1500.009472,2201.033984,True,99.76668126094572,1.4125518798828125,87.8,1580.711653604203,1500.009472,2256.032768,True
SmolLM2-135M,INT4,32-bit,ondemand,2048,512,429,48,80.6294014453888,33.078644037246704,5.320639770475867,1.4510872920290137,5.377603957783641,5.267991275167785,427.90289999999993,169.282,0.9974426573426571,3.5267083333333336,0.9894071434499516,0.2754536247751847,89.84475655430711,1.412750244140625,87.8,1605.8069834307116,1500.009472,2256.016128,True,99.69185520361992,1.412750244140625,87.8,1578.9421518190045,1500.009472,2146.032,True
SmolLM2-135M,INT4,32-bit,ondemand,2048,512,429,108,104.06355381011963,73.91241550445557,4.1224807753805734,1.461188885018777,5.372557098765432,5.383085410334346,556.4265000000001,393.95635,1.2970314685314688,3.647743981481481,0.7673219101436604,0.2714407767362587,99.7094066570188,1.412750244140625,88.4,1559.1542934413892,1500.009472,2201.033984,True,99.81349693251535,1.412750244140625,87.8,1578.2986496523517,1500.009472,2256.032768,True
SmolLM2-135M,INT4,32-bit,ondemand,2048,512,429,509,91.22322916984558,303.8390440940857,4.702749550788854,1.6752290724110654,5.4127396770472895,5.366954259927797,485.4689,1630.4111499999995,1.1316291375291376,3.2031653241650284,0.8688298036446964,0.3121377584525199,90.43312,1.4171600341796875,87.8,1608.6796935168,1500.009472,2256.022784,True,99.71440511307769,1.4171600341796875,87.8,1564.869949986234,1500.009472,2256.026112,True
SmolLM2-135M,None (Full Precision),16-bit,ondemand,256,128,119,128,13.020514726638794,24.658354997634888,9.139423632503313,5.190938325459146,4.60778203125,5.9877078260869565,55.32399999999999,143.18795,0.46490756302521,1.118655859375,1.9834756875476525,0.866932468355172,40.25247524752475,1.58270263671875,85.1,2319.6907659405942,1500.0128,2400.03712,True,99.55329670329671,1.58544921875,87.3,1757.3996884395604,1500.009472,2366.026496,True
SmolLM2-135M,None (Full Precision),16-bit,ondemand,256,128,119,43,0.2671821117401123,8.733730792999268,445.3890989369496,4.923440053186399,0.0,5.574729885057471,0.0,44.604200000000006,0.0,1.0373069767441863,0.0,0.8831710512796696,100.0,1.586822509765625,86.2,1500.019456,1500.019456,1500.019456,True,99.4876923076923,1.587615966796875,87.3,1723.7435352615385,1500.0128,2256.026112,True
SmolLM2-135M,None (Full Precision),16-bit,ondemand,256,128,119,128,0.18253183364868164,26.508426904678345,651.9410758182536,4.82865318490136,5.841433333333333,5.550448770491804,0.0,138.03170000000003,0.0,1.0783726562500002,111.60635388887208,0.8699572565325221,98.4,1.588653564453125,85.1,1500.019456,1500.019456,1500.019456,True,99.64010152284263,1.5905609130859375,86.7,1662.1671556548224,1500.009472,2256.032768,True
SmolLM2-135M,None (Full Precision),16-bit,ondemand,256,512,119,75,0.2531092166900635,15.543795585632324,470.1527726100844,4.825076319797021,0.0,5.706103496503497,0.0,86.2618,0.0,1.1501573333333333,0.0,0.8455991593481719,99.0,1.5905609130859375,85.6,2201.027456,2201.024256,2201.030656,True,99.57678571428572,1.5906982421875,87.3,1663.9748742857141,1500.009472,2201.030656,True
SmolLM2-135M,None (Full Precision),16-bit,ondemand,256,512,119,408,0.20664024353027344,89.6276798248291,575.8800801188861,4.552165143596341,0.0,5.504179574970484,0.0,489.8280000000001,0.0,1.200558823529412,0.0,0.8270379048490167,100.0,1.5906982421875,85.1,1500.019456,1500.019456,1500.019456,True,99.70484114977306,1.5964813232421875,87.8,1647.5731813857792,1500.009472,2311.02464,True
SmolLM2-135M,None (Full Precision),16-bit,ondemand,256,512,119,331,0.23088645935058594,71.9951605796814,515.4048458914011,4.597531241473686,0.0,5.4707838038632985,0.0,385.9929,0.0,1.1661416918429004,0.0,0.8403788938299941,100.0,1.5964813232421875,85.6,1500.017792,1500.016128,1500.019456,True,99.64924528301887,1.5965118408203125,87.8,1625.3815404679247,1500.009472,2201.030656,True
SmolLM2-135M,None (Full Precision),16-bit,ondemand,1024,128,199,128,22.40240502357483,26.941736936569214,8.882974831969397,4.750992866620264,4.513782325581396,5.633956078431372,95.25280000000001,145.57949999999997,0.4786572864321608,1.1373398437499997,1.9679670376717224,0.8432782933485441,40.56473988439306,1.598419189453125,85.1,2226.8578271445085,1500.0128,2400.033792,True,99.32950000000001,1.598419189453125,87.8,1609.08350144,1500.009472,2311.021568,True
SmolLM2-135M,None (Full Precision),16-bit,ondemand,1024,128,199,63,0.24232244491577148,13.580769777297974,821.2198423021447,4.638912302696767,0.0,5.443359230769231,0.0,71.298,0.0,1.1317142857142857,0.0,0.8522149845402021,100.0,1.598419189453125,83.4,1500.0128,1500.0128,1500.0128,True,99.572,1.598419189453125,87.8,1598.0184768000001,1500.009472,2201.027328,True
SmolLM2-135M,None (Full Precision),16-bit,ondemand,1024,128,199,128,0.19168591499328613,27.373647928237915,1038.1566115954322,4.676030039385385,0.0,5.505241434262948,0.0,144.48624999999998,0.0,1.1287988281249999,0.0,0.8493778329653621,100.0,1.598419189453125,84.0,2201.030656,2201.030656,2201.030656,True,99.62663316582915,1.5990142822265625,87.8,1608.5263932462312,1500.009472,2256.026112,True
SmolLM2-135M,None (Full Precision),16-bit,ondemand,1024,512,199,313,0.26112842559814453,69.88666486740112,762.0771256295354,4.47867988254795,0.0,5.435289708141321,0.0,375.95099999999996,0.0,1.2011214057507986,0.0,0.8240002139793027,98.15,1.5990142822265625,85.6,1500.017792,1500.016128,1500.019456,True,99.58146718146718,1.602874755859375,87.8,1630.5946356138995,1500.009472,2256.03584,True
SmolLM2-135M,None (Full Precision),16-bit,ondemand,1024,512,199,336,0.21573090553283691,73.40428709983826,922.4454860025131,4.5773893225473525,0.0,5.506590672782875,0.0,396.29235000000006,0.0,1.1794415178571431,0.0,0.831256505985049,100.0,1.602874755859375,85.6,1500.0128,1500.0128,1500.0128,True,99.70331491712707,1.60345458984375,88.9,1630.126093436464,1500.009472,2256.032768,True
SmolLM2-135M,None (Full Precision),16-bit,ondemand,1024,512,199,118,0.20110130310058594,25.470467567443848,989.5510219566557,4.6328164054132515,0.0,5.526679574468085,0.0,138.95845,0.0,1.1776139830508474,0.0,0.8382639780340687,100.0,1.60345458984375,85.6,1500.016128,1500.016128,1500.016128,True,99.51595744680851,1.6035919189453125,87.3,1612.3168217872342,1500.009472,2256.029184,True
SmolLM2-135M,None (Full Precision),16-bit,ondemand,2048,128,429,128,48.732240438461304,28.31496548652649,8.803206996849198,4.520577645094007,4.5626533333333334,5.640273282442748,218.20545000000004,152.91735,0.5086374125874127,1.194666796875,1.9294051845963602,0.8014820237816896,39.98216216216216,1.6099853515625,86.2,2241.496735135135,1500.0128,2400.03712,True,99.46509433962264,1.61273193359375,87.3,1661.1327836981134,1500.009472,2311.031296,True
SmolLM2-135M,None (Full Precision),16-bit,ondemand,2048,128,429,128,48.3980827331543,28.655928134918213,8.863987492341732,4.466789538183818,4.61815010940919,5.602166666666666,215.57904999999994,157.72409999999996,0.5025152680652679,1.2322195312499997,1.9193805489955633,0.7973324972213998,39.630748663101606,1.6131744384765625,86.2,2244.4645931122996,1500.0128,2400.03712,True,99.6647619047619,1.6131744384765625,87.3,1702.2004790857143,1500.009472,2311.031296,True
SmolLM2-135M,None (Full Precision),16-bit,ondemand,2048,128,429,128,48.23530602455139,28.2659010887146,8.893900243561063,4.528424535211618,4.595317842323651,5.668007692307692,219.21515000000002,152.76084999999998,0.5109910256410257,1.1934441406249998,1.9354265686796992,0.7989446699864834,39.910427807486634,1.6144256591796875,86.2,2249.847172449198,1500.0128,2400.03712,True,99.50673076923077,1.6144256591796875,87.3,1686.7650830769232,1500.009472,2256.032768,True
SmolLM2-135M,None (Full Precision),16-bit,ondemand,2048,512,429,485,48.39496850967407,116.09645342826843,8.864557891265981,4.177560861492319,4.6038455486542444,5.505296200185357,220.52339999999998,637.9993,0.5140405594405594,1.315462474226804,1.9254681325825953,0.7588258123789353,39.74414893617021,1.6144256591796875,85.6,2256.034174638298,1500.009472,2400.033792,True,99.5885150812065,1.6171722412109375,87.8,1631.5192903573088,1500.009472,2256.032768,True
SmolLM2-135M,None (Full Precision),16-bit,ondemand,2048,512,429,484,49.37867856025696,116.01288437843323,8.687960320292694,4.17195040527736,4.527329875518673,5.442650552486188,216.51434999999992,625.6617999999997,0.5046954545454544,1.292689669421487,1.91900315620305,0.76652916902255,40.072323759791125,1.6171722412109375,86.2,2207.7516231853783,1500.0128,2366.036736,True,99.62320185614848,1.6171722412109375,87.8,1629.2069534292343,1500.009472,2311.034624,True
SmolLM2-135M,None (Full Precision),16-bit,ondemand,2048,512,429,483,49.38820242881775,116.6129093170166,8.686284960832687,4.141908497342659,4.511891908713693,5.425764936247723,217.25730000000007,630.9518000000003,0.506427272727273,1.3063184265010357,1.9251979295109227,0.7633777994457431,40.197074468085106,1.6171722412109375,86.2,2203.1932694468087,1500.0128,2400.03712,True,99.60565819861432,1.6171722412109375,87.8,1626.62668652194,1500.009472,2256.029184,True
SmolLM2-135M,INT4,16-bit,ondemand,256,128,119,62,14.455060720443726,19.15005111694336,8.232410939076779,3.237589269155755,4.393765217391304,5.671528977272728,56.904849999999996,102.74069999999998,0.47819201680672263,1.6571080645161287,1.873657451356625,0.5708494626633498,41.5462962962963,1.6891937255859375,86.7,2100.108101925926,1500.0128,2366.03008,True,99.32446043165469,1.6898193359375,87.8,1647.2570990503598,1500.0128,2256.03584,True
SmolLM2-135M,INT4,16-bit,ondemand,256,128,119,128,0.5759551525115967,40.592262744903564,206.61330918053375,3.1533102947327234,0.0,5.308983202099737,0.0,213.19234999999992,0.0,1.6655652343749994,0.0,0.5939574820062661,76.0,1.690460205078125,86.2,1629.220608,1500.016128,2146.025344,True,99.6003367003367,1.691741943359375,87.8,1609.0055511919193,1500.009472,2256.032768,True
SmolLM2-135M,INT4,16-bit,ondemand,256,128,119,53,0.5690505504608154,17.161029815673828,209.12026164219358,3.088392746197146,4.99868,5.268877987421384,0.0,84.17200000000001,0.0,1.5881509433962266,41.83509679399233,0.5861575754022389,77.44,1.6922607421875,85.6,1758.4205312000001,1500.016128,2146.025344,True,99.38650793650794,1.6922607421875,87.8,1629.066738793651,1500.009472,2201.030656,True
SmolLM2-135M,INT4,16-bit,ondemand,256,512,119,517,0.6283502578735352,167.77422189712524,189.38481922919894,3.0815222633964043,5.409085714285714,5.356448580645162,0.0,892.4766500000002,0.0,1.726260444874275,35.012353146673654,0.5752920460267441,65.2,1.6922607421875,85.1,1998.274464,1500.019456,2201.027328,True,99.61116544417277,1.69610595703125,87.8,1590.283647374083,1500.009472,2311.031296,True
SmolLM2-135M,INT4,16-bit,ondemand,256,512,119,512,0.6279938220977783,166.97653365135193,189.4923099760554,3.066299130805166,0.0,5.355032964169381,0.0,892.5230999999998,0.0,1.7432091796874996,0.0,0.5726013548976873,77.66,1.69610595703125,85.1,1887.6217087999999,1500.019456,2146.032,True,99.63937397034596,1.69610595703125,87.8,1598.1679285140033,1500.009472,2201.033984,True
SmolLM2-135M,INT4,16-bit,ondemand,256,512,119,517,0.6313421726226807,167.52303886413574,188.48732931249933,3.086142679272291,0.0,5.344202671009772,0.0,897.5423500000003,0.0,1.736058704061896,0.0,0.5774748581324243,68.62,1.69610595703125,85.6,1780.4199680000002,1500.0128,2256.026112,True,99.73264971287941,1.69610595703125,87.8,1581.1678361936013,1500.009472,2256.019456,True
SmolLM2-135M,INT4,16-bit,ondemand,1024,128,199,34,22.954076766967773,10.380661010742188,8.66948394484645,3.275321288771099,4.740058375634518,5.492571739130435,104.0073,47.83815,0.5226497487437186,1.4070044117647058,1.8289825267575799,0.596318344908798,39.04,1.6968231201171875,85.1,2194.6980031999997,1500.0128,2400.027136,True,99.91066666666667,1.6968231201171875,87.3,1650.8467336533333,1500.009472,2256.026112,True
SmolLM2-135M,INT4,16-bit,ondemand,1024,128,199,128,0.6693544387817383,39.363956928253174,297.30138245171105,3.251705620786537,0.0,5.430437283236994,0.0,212.27259999999995,0.0,1.6583796874999996,0.0,0.5987925927851336,68.28,1.6968231201171875,85.6,1769.4228736,1500.0128,2201.030656,True,99.6961937716263,1.6968231201171875,87.8,1610.690168913495,1500.009472,2256.032768,True
SmolLM2-135M,INT4,16-bit,ondemand,1024,128,199,128,0.6439003944396973,40.89894342422485,309.05401164284706,3.1296652011842516,4.579877777777778,5.265369553805774,0.0,211.10595000000004,0.0,1.6492652343750003,67.48084264222537,0.5943866179197527,74.44,1.6968231201171875,85.6,2027.8253056,1500.016128,2201.033984,True,99.56466666666667,1.6968231201171875,87.8,1586.3355093333332,1500.009472,2201.033984,True
SmolLM2-135M,INT4,16-bit,ondemand,1024,512,199,20,0.6622331142425537,6.135533332824707,300.4984132024437,3.25970032515369,5.21188,5.626075471698114,0.0,28.555749999999996,0.0,1.4277874999999998,57.65643360983824,0.5793915032870715,66.26,1.6968231201171875,86.2,1640.2177536,1500.0128,2201.024256,True,99.6590909090909,1.6968231201171875,87.3,1605.2910865454544,1500.009472,2201.027328,True
SmolLM2-135M,INT4,16-bit,ondemand,1024,512,199,4,0.6777186393737793,1.2149922847747803,293.6321777779029,3.2922019753742457,5.08096,5.4580625000000005,0.0,0.0,0.0,0.0,57.79068872376536,0.6031814357886605,68.26,1.6968231201171875,86.2,1780.4199423999999,1500.0128,2201.027328,True,99.17777777777778,1.6968231201171875,86.2,1500.0175786666669,1500.0128,1500.022656,True
SmolLM2-135M,INT4,16-bit,ondemand,1024,512,199,11,0.6245284080505371,2.8928351402282715,318.6404292179081,3.802498057020974,4.65649,5.322144444444445,0.0,10.400500000000001,0.0,0.9455000000000001,68.42931676389472,0.7144672785027916,69.275,1.6968231201171875,87.3,1823.022496,1500.019456,2146.0288,True,97.31818181818181,1.6968231201171875,87.3,1646.8377658181819,1500.0128,2146.032,True
SmolLM2-135M,INT4,16-bit,ondemand,2048,128,429,27,49.69039177894592,8.430858850479126,8.633459802620624,3.202520701490049,4.540360162601626,5.62638,224.29824999999997,39.199099999999994,0.5228397435897435,1.4518185185185184,1.9014922811043369,0.5691973705099991,40.21038961038961,1.7003326416015625,85.6,2215.62303734026,1500.0128,2400.033792,True,99.54426229508196,1.700653076171875,87.3,1718.1347420327868,1500.0128,2256.022784,True
SmolLM2-135M,INT4,16-bit,ondemand,2048,128,429,32,49.17218780517578,9.831707954406738,8.724444023107798,3.2547752789643285,4.5676307053941905,5.657544680851064,219.567,51.6818,0.5118111888111888,1.61505625,1.9100589749527204,0.5752982013523776,40.756770833333334,1.700653076171875,86.2,2238.4846623333333,1500.0128,2400.030464,True,99.53285714285714,1.700653076171875,87.3,1711.6921033142858,1500.0128,2256.032768,True
SmolLM2-135M,INT4,16-bit,ondemand,2048,128,429,92,48.370609521865845,29.73252511024475,8.869021999941335,3.094254512823068,4.600064596273292,5.503789781021897,219.55870000000004,158.9474,0.5117918414918416,1.7276891304347826,1.9280211862951897,0.5622043420867272,40.08391420911528,1.7031402587890625,86.7,2263.911153243968,1500.0128,2400.03712,True,99.51689497716896,1.7031402587890625,87.3,1680.5862440913243,1500.009472,2366.033152,True
SmolLM2-135M,INT4,16-bit,ondemand,2048,512,429,36,48.97711682319641,11.138009548187256,8.759192615372944,3.232175358105983,4.562890062111801,5.582721,220.02100000000002,55.2194,0.5128694638694639,1.5338722222222223,1.9196589214597481,0.578960574620509,40.13455497382199,1.7031402587890625,86.2,2240.078778303665,1500.009472,2400.033792,True,99.64938271604939,1.7031402587890625,87.8,1686.1682330864196,1500.0128,2201.027328,True
SmolLM2-135M,INT4,16-bit,ondemand,2048,512,429,510,49.17583131790161,174.69420957565308,8.723797615676096,2.919386974753387,4.5676027139874735,5.401613726708074,219.08384999999998,938.1424999999997,0.510684965034965,1.839495098039215,1.9099291602049828,0.5404657057054244,40.13272251308901,1.7031402587890625,85.6,2265.282572397906,1500.0128,2400.03712,True,99.67026604068857,1.7065277099609375,87.8,1619.2155354741783,1500.009472,2256.032768,True
SmolLM2-135M,INT4,16-bit,ondemand,2048,512,429,181,48.73470139503479,60.322019815444946,8.802762461240967,3.00056265612075,4.638462472885033,5.3663480565371025,221.2841,316.1318,0.5158137529137529,1.7465845303867402,1.897775936034645,0.5591442494054345,39.82680412371134,1.7065277099609375,86.2,2242.861321896907,1500.016128,2400.033792,True,99.52076749435665,1.7065277099609375,87.8,1621.2087536975168,1500.009472,2256.026112,True
Qwen2-0.5B-Instruct,None (Full Precision),32-bit,ondemand,256,128,122,101,46.251715660095215,65.17678546905518,2.637739989940707,1.5496315025838927,4.915237441860465,5.706725085910652,222.04820000000007,364.0017500000001,1.8200672131147546,3.603977722772278,0.5366454868439269,0.271544796578651,40.66095505617977,3.3402557373046875,85.6,2078.0184521348315,1500.009472,2366.033152,True,99.6463963963964,3.340545654296875,87.8,1632.9785331891892,1500.009472,2256.032768,True
Qwen2-0.5B-Instruct,None (Full Precision),32-bit,ondemand,256,128,122,122,0.6361362934112549,79.70024394989014,191.78280073564108,1.5307355906803115,0.0,5.603534507042253,0.0,446.09680000000003,0.0,3.656531147540984,0.0,0.27317322464179644,76.08,3.340789794921875,86.2,1651.2214015999998,1500.019456,2256.022784,True,99.705,3.341156005859375,87.3,1568.920262637037,1500.009472,2256.026112,True
Qwen2-0.5B-Instruct,None (Full Precision),32-bit,ondemand,256,128,122,128,0.6301333904266357,82.72500276565552,193.60980048589258,1.5472952036351102,5.399555555555556,5.574234414668547,0.0,451.6916500000001,0.0,3.5288410156250007,35.856617918615385,0.27757985913965455,73.325,3.341278076171875,86.2,1823.0216,1500.016128,2146.025344,True,99.71053571428571,3.341278076171875,87.8,1550.8734294857143,1500.009472,2201.027328,True
Qwen2-0.5B-Instruct,None (Full Precision),32-bit,ondemand,256,512,122,122,0.5451138019561768,80.02386713027954,223.80647777068745,1.5245451685230726,5.6321625,5.556240704225352,0.0,439.10094999999995,0.0,3.599188114754098,39.73721954412492,0.27438429140834425,71.575,3.3412933349609375,86.2,1823.0215680000001,1500.019456,2146.025344,True,99.69981447124303,3.3412933349609375,88.4,1555.354057617811,1500.009472,2201.030656,True
Qwen2-0.5B-Instruct,None (Full Precision),32-bit,ondemand,256,512,122,129,0.5601780414581299,85.08569979667664,217.78790129373326,1.516118458310413,0.0,5.5139464993394975,0.0,465.58234999999996,0.0,3.609165503875969,0.0,0.2749606762582889,77.1,3.3412933349609375,86.7,1629.2166144,1500.009472,2146.025344,True,99.68034482758621,3.3412933349609375,88.4,1549.0252539586209,1500.009472,2146.032,True
Qwen2-0.5B-Instruct,None (Full Precision),32-bit,ondemand,256,512,122,95,0.6390066146850586,62.68772768974304,190.9213413387419,1.5154481347637663,5.0443,5.493477442273535,0.0,341.87849999999986,0.0,3.5987210526315776,37.84892677650852,0.27586317604620614,76.62,3.3412933349609375,86.2,1500.0174336,1500.0128,1500.022656,True,99.68494117647059,3.3412933349609375,87.8,1556.2580464941175,1500.009472,2146.035456,True
Qwen2-0.5B-Instruct,None (Full Precision),32-bit,ondemand,1024,128,205,128,81.3803551197052,83.77659225463867,2.5190354563881954,1.5278730795225524,4.652465189873418,5.585394864864865,375.4526500000001,461.11195000000004,1.8314763414634152,3.6024371093750003,0.5414410110732569,0.27354790780034105,41.87177033492823,3.3531951904296875,86.2,1961.743675814992,1500.009472,2366.033152,True,99.73473684210526,3.3535614013671875,87.8,1601.560913740351,1500.009472,2256.022784,True
Qwen2-0.5B-Instruct,None (Full Precision),32-bit,ondemand,1024,128,205,89,0.6517953872680664,58.90125226974487,314.5158802967853,1.5110035282851806,5.013599999999999,5.54924397705545,0.0,322.0703,0.0,3.618767415730337,62.732543540925754,0.2722899794157099,73.94,3.35357666015625,86.7,1769.4216192,1500.016128,2201.024256,True,99.73861386138614,3.3538818359375,87.3,1528.7999502574257,1500.009472,2146.032,True
Qwen2-0.5B-Instruct,None (Full Precision),32-bit,ondemand,1024,128,205,26,0.6494548320770264,17.313554525375366,315.6493567757252,1.5017135829556818,5.2084600000000005,5.497155844155844,0.0,88.74225,0.0,3.4131634615384616,60.603202631051246,0.2731800999515393,76.24,3.3538818359375,86.2,1640.2209792,1500.019456,2201.020672,True,99.6822033898305,3.3538818359375,87.8,1532.8653374915255,1500.009472,2146.0288,True
Qwen2-0.5B-Instruct,None (Full Precision),32-bit,ondemand,1024,512,205,119,0.6229004859924316,79.12024688720703,329.1055387015556,1.5040397961554026,0.0,5.532773132183908,0.0,434.0989500000001,0.0,3.647890336134455,0.0,0.27184194258869326,78.24,3.3538818359375,86.7,1629.2199679999999,1500.016128,2146.0288,True,99.64584103512016,3.35400390625,87.8,1550.4749005841036,1500.009472,2201.027328,True
Qwen2-0.5B-Instruct,None (Full Precision),32-bit,ondemand,1024,512,205,106,0.6475496292114258,70.15175867080688,316.57805170801396,1.5110098735715813,0.0,5.543114686468647,0.0,384.24775,0.0,3.6249787735849055,0.0,0.27259220835897957,74.92,3.3540496826171875,85.6,1758.4224256000002,1500.009472,2146.032,True,99.7472049689441,3.3540496826171875,87.3,1533.6825637101451,1500.009472,2201.020672,True
Qwen2-0.5B-Instruct,None (Full Precision),32-bit,ondemand,1024,512,205,144,0.6409800052642822,96.49245429039001,319.8227687546611,1.492344671497711,0.0,5.500908806488992,0.0,526.9846500000003,0.0,3.6596156250000025,0.0,0.2712905674308414,76.74,3.35406494140625,86.7,1629.2199679999999,1500.016128,2146.025344,True,99.72763358778626,3.35406494140625,87.8,1540.7065324458015,1500.009472,2201.030656,True
Qwen2-0.5B-Instruct,None (Full Precision),32-bit,ondemand,2048,128,424,95,163.8096170425415,63.69051122665405,2.5883706198390466,1.4915879645230912,4.729678937381404,5.626589084507042,770.7627999999997,353.95435000000003,1.8178367924528296,3.725835263157895,0.5472613794948422,0.26509630295025755,41.02460063897764,3.396148681640625,87.3,2035.7998816102238,1500.009472,2366.033152,True,99.7802784222738,3.396514892578125,87.3,1601.2068754709976,1500.009472,2311.034624,True
Qwen2-0.5B-Instruct,None (Full Precision),32-bit,ondemand,2048,128,424,108,161.72536897659302,72.64581084251404,2.6217284442329314,1.4866652150683388,4.79969362113402,5.605357763975155,770.8289999999996,398.81579999999997,1.8179929245283009,3.6927388888888886,0.5462282910494394,0.2652221816460899,41.17217321571772,3.3966217041015625,86.7,2036.9496581748194,1500.009472,2400.03712,True,99.74657258064516,3.396697998046875,87.8,1581.8774590967741,1500.009472,2256.019456,True
Qwen2-0.5B-Instruct,None (Full Precision),32-bit,ondemand,2048,128,424,128,164.51762866973877,85.29084491729736,2.57723140935346,1.5007472387466176,4.726713874680307,5.610271541501977,770.9472999999998,470.7604999999999,1.8182719339622637,3.6778164062499994,0.5452480259401722,0.26749992895082564,41.36881977671452,3.404510498046875,86.7,2014.458746181818,1500.009472,2366.036736,True,99.73732876712329,3.404510498046875,87.3,1587.71194169863,1500.009472,2256.022784,True
Qwen2-0.5B-Instruct,None (Full Precision),32-bit,ondemand,2048,512,424,414,162.75226163864136,285.9550287723541,2.6051865315482168,1.4477800994700505,4.80337,5.522483183065464,777.1538499999999,1576.0562500000003,1.8329100235849054,3.806899154589373,0.5423664076571691,0.26216106984438203,41.01094127111826,3.404510498046875,86.7,2034.0838077683024,1500.009472,2366.036736,True,99.73510638297873,3.404815673828125,88.4,1560.4074222492402,1500.009472,2256.032768,True
Qwen2-0.5B-Instruct,None (Full Precision),32-bit,ondemand,2048,512,424,426,164.77964901924133,295.3288369178772,2.5731332875365545,1.442459884533588,4.714672641509434,5.49697700799391,775.2148999999995,1615.0622999999998,1.8283370283018856,3.7912260563380276,0.5457713574600905,0.26240966306315433,41.40102685624012,3.4049224853515625,86.2,2009.847900107425,1500.009472,2400.027136,True,99.73996082272282,3.4049835205078125,88.4,1541.2590064329088,1500.009472,2256.032768,True
Qwen2-0.5B-Instruct,None (Full Precision),32-bit,ondemand,2048,512,424,423,167.52363419532776,292.0396101474762,2.530986162260712,1.4484336552373513,4.651898949320148,5.528305834621329,775.5227500000003,1610.4581499999988,1.8290630896226423,3.80722966903073,0.544075911758703,0.2620031703323021,41.72179289026275,3.404998779296875,86.2,1983.120328111283,1500.009472,2366.033152,True,99.75176003966286,3.404998779296875,87.8,1545.8792994268715,1500.009472,2256.029184,True
Qwen2-0.5B-Instruct,INT4,32-bit,ondemand,256,128,122,91,47.773847818374634,68.55401062965393,2.553698426465802,1.3274205136094075,4.9078991228070175,5.418529140127388,231.36684999999994,363.96445000000006,1.896449590163934,3.999609340659341,0.5203241473727037,0.2449780151183611,41.12892561983471,3.0180511474609375,86.2,2096.2913096639118,1500.009472,2366.033152,True,97.80698151950719,3.0187835693359375,87.8,1597.4459986529776,1500.009472,2311.034624,True
Qwen2-0.5B-Instruct,INT4,32-bit,ondemand,256,128,122,122,1.8658928871154785,92.34943103790283,65.38424624609736,1.3210693193109952,4.608942105263158,5.373051272727273,4.1552,488.455,0.03405901639344262,4.003729508196721,14.186389143710908,0.24586947941787313,58.66923076923077,3.0192718505859375,86.2,1877.483204923077,1500.0128,2256.029184,True,98.09015151515152,3.0202484130859375,87.8,1552.2272721454544,1500.009472,2201.030656,True
Qwen2-0.5B-Instruct,INT4,32-bit,ondemand,256,128,122,122,1.8300342559814453,93.74205827713013,66.66541874899032,1.3014435808453317,4.787094736842105,5.351846403712297,4.70565,499.40590000000014,0.03857090163934426,4.093490983606559,13.926070490296455,0.24317655677535668,59.09285714285714,3.0203704833984375,86.2,1730.735168,1500.0128,2146.0288,True,97.91248142644875,3.0203704833984375,87.8,1545.2960793105499,1500.009472,2201.024256,True
Qwen2-0.5B-Instruct,INT4,32-bit,ondemand,256,512,122,122,1.8477656841278076,93.67615532875061,66.0256876983767,1.3023591710382287,4.711973684210527,5.3210497685185185,4.4869,496.6335,0.03677786885245902,4.070766393442623,14.01232097700882,0.24475605899112465,56.37692307692308,3.0203704833984375,86.2,1607.8662892307693,1500.0128,2201.030656,True,97.98799999999999,3.0203704833984375,87.8,1543.2479844503703,1500.009472,2201.020672,True
Qwen2-0.5B-Instruct,INT4,32-bit,ondemand,256,512,122,122,1.9195661544799805,93.09323000907898,63.55602786352022,1.3105142016030797,4.673205263157894,5.330581741233374,4.6468,488.92540000000014,0.03808852459016393,4.00758524590164,13.600093358743795,0.24584825169566896,57.67142857142857,3.0206146240234375,86.7,1646.3045485714285,1500.009472,2201.027328,True,97.12075187969926,3.0206146240234375,88.4,1548.032000962406,1500.009472,2256.022784,True
Qwen2-0.5B-Instruct,INT4,32-bit,ondemand,256,512,122,122,1.8702812194824219,93.3746886253357,65.23083198887173,1.306563928577292,4.859815,5.319402728351127,4.503,492.50880000000006,0.03690983606557377,4.0369573770491805,13.422492829227393,0.2456222992129592,58.84,3.0207366943359375,86.2,1636.5515776,1500.0128,2256.016128,True,98.00754147812971,3.0207366943359375,87.8,1539.0756100633484,1500.009472,2201.033984,True
Qwen2-0.5B-Instruct,INT4,32-bit,ondemand,1024,128,205,128,81.13049077987671,95.81702399253845,2.526793540004659,1.3358795198019062,4.711370731707317,5.369288033175356,377.89605,514.0266500000001,1.8433953658536586,4.015833203125001,0.536318129880854,0.24880012239013322,41.62451923076923,3.0210723876953125,86.2,2006.2141204102563,1500.0128,2400.023808,True,97.84985422740525,3.0219879150390625,87.8,1571.2063871253642,1500.009472,2256.019456,True
Qwen2-0.5B-Instruct,INT4,32-bit,ondemand,1024,128,205,89,1.8469994068145752,67.74307179450989,110.99083153120928,1.3137874861944605,4.793646666666667,5.366770234113712,4.76245,360.4334500000001,0.023231463414634147,4.049814044943822,23.153736445157815,0.24480039742402426,50.535714285714285,3.0221710205078125,86.2,1700.3050422857143,1500.0128,2311.02464,True,97.43408163265306,3.0226593017578125,87.8,1542.2060611918366,1500.009472,2146.032,True
Qwen2-0.5B-Instruct,INT4,32-bit,ondemand,1024,128,205,23,1.8296737670898438,17.575114250183105,112.04183154795909,1.308668590860533,4.728489473684211,5.319835294117647,4.39,84.63380000000001,0.02141463414634146,3.679730434782609,23.695057834328118,0.24599795266360594,56.18571428571429,3.0227813720703125,86.2,1600.162486857143,1500.0128,2201.030656,True,97.81811023622046,3.0227813720703125,88.4,1545.7983586771654,1500.0128,2146.032,True
Qwen2-0.5B-Instruct,INT4,32-bit,ondemand,1024,512,205,78,1.8473036289215088,60.80655312538147,110.97255307168044,1.282756479209833,4.571175,5.250447864768683,4.0282,308.9934,0.019649756097560974,3.961453846153846,24.27659257667458,0.24431372565706772,56.284615384615385,3.0227813720703125,86.2,1806.6378732307692,1500.016128,2201.033984,True,98.01903669724771,3.0227813720703125,87.8,1541.504576587156,1500.009472,2146.032,True
Qwen2-0.5B-Instruct,INT4,32-bit,ondemand,1024,512,205,26,1.8405261039733887,20.11347484588623,111.38119669014159,1.2926657476750085,4.868589999999999,5.2652513368983955,4.5582,100.39154999999998,0.022235121951219513,3.861213461538461,22.877505949390194,0.24550883993250736,56.199999999999996,3.0227813720703125,86.2,1778.3508906666666,1500.0128,2201.020672,True,97.97034482758622,3.0227813720703125,86.7,1544.9498067862069,1500.0128,2201.024256,True
Qwen2-0.5B-Instruct,INT4,32-bit,ondemand,1024,512,205,27,1.834035873413086,20.44800591468811,111.77534909309115,1.320422153272437,4.623515,5.347913440860215,4.4003,107.65035,0.021464878048780486,3.98705,24.17540531242813,0.2469041744737077,54.42307692307692,3.0227813720703125,86.7,1798.173252923077,1500.0128,2146.0288,True,97.54513888888889,3.0227813720703125,88.4,1554.2337217777776,1500.009472,2201.024256,True
Qwen2-0.5B-Instruct,INT4,32-bit,ondemand,2048,128,424,128,164.32513880729675,99.71984720230103,2.5802503687352587,1.2835960301897296,4.760435668789809,5.3642573875803,774.6854000000001,532.3795499999998,1.82708820754717,4.159215234374998,0.542019795719917,0.2392868084893913,41.25161544523247,3.0253448486328125,86.2,2016.9234748116626,1500.009472,2366.033152,True,98.17234636871508,3.0263214111328125,87.8,1560.6986191731844,1500.009472,2201.024256,True
Qwen2-0.5B-Instruct,INT4,32-bit,ondemand,2048,128,424,19,164.8044261932373,14.204853773117065,2.5727464352374216,1.33757096718291,4.7401174842767295,5.607382926829268,778.7127,72.72554999999998,1.8365865566037738,3.8276605263157886,0.5427600568490939,0.23853747543851947,41.10555121188428,3.0264434814453125,86.2,2053.6352296231435,1500.009472,2400.027136,True,97.63846153846154,3.0264434814453125,87.3,1656.8943347692307,1500.009472,2201.020672,True
Qwen2-0.5B-Instruct,INT4,32-bit,ondemand,2048,128,424,128,162.55497980117798,98.93430542945862,2.608348267882024,1.2937878266226428,4.792755456285897,5.412296495071194,775.9096500000003,533.1086500000001,1.8299755896226422,4.164911328125001,0.5442272804595252,0.2390459997527582,40.900721153846156,3.0264434814453125,86.2,2074.205231384615,1500.009472,2366.036736,True,97.86235795454546,3.0264434814453125,87.8,1579.031545090909,1500.009472,2311.021568,True
Qwen2-0.5B-Instruct,INT4,32-bit,ondemand,2048,512,424,20,163.2684462070465,15.220990180969238,2.596950052812474,1.3139749623520516,4.797340077071291,5.55105,775.0559499999996,77.04460000000002,1.8279621462264142,3.852230000000001,0.5413312400395587,0.2367074629758427,41.15362549800797,3.0264434814453125,86.2,2071.1555230087647,1500.009472,2400.027136,True,97.13603603603605,3.0264434814453125,87.3,1634.8654183783783,1500.009472,2201.024256,True
Qwen2-0.5B-Instruct,INT4,32-bit,ondemand,2048,512,424,393,161.8861050605774,309.8906190395355,2.619125340259068,1.2681894057266105,4.800655413196669,5.375105520614954,774.9095000000001,1660.1319499999997,1.827616745283019,4.224254325699745,0.5455766171134204,0.23593758315306892,41.157312252964424,3.0264434814453125,86.2,2075.991787256917,1500.009472,2400.017408,True,97.90791366906475,3.0270538330078125,87.8,1572.7471352517987,1500.009472,2256.032768,True
Qwen2-0.5B-Instruct,INT4,32-bit,ondemand,2048,512,424,221,164.41211104393005,173.72336959838867,2.578885444069929,1.2721374246361028,4.77839532351057,5.374171206467661,779.1421500000001,931.3172000000003,1.8375994103773587,4.214104977375567,0.5396969629911836,0.23671322995909058,41.137998436278345,3.0271759033203125,86.7,2043.5389773260358,1500.009472,2400.02048,True,97.79808,3.0271759033203125,87.8,1579.4082031616,1500.009472,2311.027968,True
Qwen2-0.5B-Instruct,None (Full Precision),16-bit,ondemand,256,128,122,122,41.79401516914368,53.202208518981934,2.919078234198279,2.2931378864934113,4.8134345000000005,5.82427130620985,196.7552,303.47255000000007,1.6127475409836065,2.4874799180327876,0.6064439506132843,0.3937209937401891,39.26808510638298,2.797760009765625,86.7,2291.355259331307,1500.0128,2400.03712,True,99.74702702702703,2.7985992431640625,87.8,1656.6164677189188,1500.009472,2400.023808,True
Qwen2-0.5B-Instruct,None (Full Precision),16-bit,ondemand,256,128,122,128,0.6141204833984375,57.140076637268066,198.65808631699258,2.2401090011229607,4.84478,5.615047254901961,0.0,316.6567,0.0,2.47388046875,41.004562914516775,0.3989474886729289,73.9,2.79901123046875,85.1,1661.523392,1500.019456,2146.032,True,99.62361809045225,2.7999114990234375,87.3,1590.2571523216081,1500.009472,2201.030656,True
Qwen2-0.5B-Instruct,None (Full Precision),16-bit,ondemand,256,128,122,128,0.5395221710205078,57.07627844810486,226.12601771162923,2.2426129292290966,0.0,5.635693096646943,0.0,319.0571500000001,0.0,2.4926339843750007,0.0,0.39793027951848187,77.2,2.8000640869140625,86.7,1930.689024,1500.022656,2146.0288,True,99.56733167082294,2.8000640869140625,87.8,1572.7863474114713,1500.0128,2201.0176,True
Qwen2-0.5B-Instruct,None (Full Precision),16-bit,ondemand,256,512,122,122,0.5410428047180176,55.39005088806152,225.49047679061982,2.2025616161023462,5.414811111111111,5.591088090349076,0.0,302.52959999999996,0.0,2.4797508196721307,41.64327659148013,0.39394149770314757,79.16,2.8000946044921875,87.8,1500.019456,1500.019456,1500.019456,True,99.6639896373057,2.8000946044921875,87.3,1578.8189257616582,1500.009472,2201.033984,True
Qwen2-0.5B-Instruct,None (Full Precision),16-bit,ondemand,256,512,122,122,0.573392391204834,55.553712368011475,212.76878080584387,2.196072859934544,5.3735599999999994,5.546721181262729,0.0,301.01305,0.0,2.4673200819672134,39.59549736224103,0.3959227060759887,73.225,2.800201416015625,86.2,1836.7745280000001,1500.016128,2201.033984,True,99.68181818181819,2.800201416015625,88.4,1560.7091199999998,1500.009472,2201.033984,True
Qwen2-0.5B-Instruct,None (Full Precision),16-bit,ondemand,256,512,122,122,0.5481219291687012,55.524919509887695,222.5782139113263,2.197211649776001,0.0,5.580620240480962,0.0,306.4207499999999,0.0,2.511645491803278,0.0,0.3937217648027302,67.75,2.800201416015625,86.7,1850.52176,1500.016128,2256.029184,True,99.65714285714286,2.800201416015625,87.8,1562.5298827636364,1500.009472,2201.030656,True
Qwen2-0.5B-Instruct,None (Full Precision),16-bit,ondemand,1024,128,205,103,72.98854398727417,46.13790559768677,2.808659945809339,2.232437703135882,4.701564161849711,5.725574154589372,340.20605,263.66390000000007,1.6595417073170733,2.559843689320389,0.5973884114142012,0.3899063470073925,39.77839285714286,2.8042755126953125,86.7,2154.114290285714,1500.009472,2400.033792,True,99.67258566978194,2.804962158203125,87.8,1614.258721894081,1500.009472,2256.029184,True
Qwen2-0.5B-Instruct,None (Full Precision),16-bit,ondemand,1024,128,205,128,0.524116039276123,58.25388789176941,391.134757644764,2.1972782355370466,5.51571,5.5656479690522245,0.0,316.9083999999999,0.0,2.4758468749999993,70.91285757314363,0.39479288804376567,72.175,2.805084228515625,86.2,1984.5239040000001,1500.016128,2146.0288,True,99.65470297029702,2.8059844970703125,87.8,1594.4965528712871,1500.009472,2201.020672,True
Qwen2-0.5B-Instruct,None (Full Precision),16-bit,ondemand,1024,128,205,101,0.5208332538604736,46.51302981376648,393.60006005860293,2.171434550799935,5.232722222222222,5.511166909975668,0.0,247.06740000000005,0.0,2.4462118811881193,75.21898609237654,0.39400631232370387,78.12,2.805999755859375,86.7,1500.0174336,1500.016128,1500.022656,True,99.70122699386502,2.805999755859375,87.8,1561.6164652760735,1500.009472,2201.024256,True
Qwen2-0.5B-Instruct,None (Full Precision),16-bit,ondemand,1024,512,205,385,0.5999021530151367,182.29679083824158,341.7223941765507,2.1119406338953284,5.04056,5.493519619865114,0.0,996.7604500000001,0.0,2.588988181818182,67.79452961110486,0.38444217551500875,76.2,2.805999755859375,86.2,1758.4205312,1500.019456,2146.022272,True,99.72519623233909,2.807830810546875,87.8,1557.7485091365777,1500.009472,2201.033984,True
Qwen2-0.5B-Instruct,None (Full Precision),16-bit,ondemand,1024,512,205,181,0.5254721641540527,84.84747791290283,390.1253272474013,2.133239601839422,0.0,5.490857404980341,0.0,460.8495999999999,0.0,2.546130386740331,0.0,0.3885075580189939,69.25,2.8079376220703125,85.6,1836.7696,1500.019456,2201.020672,True,99.67356902356902,2.8079376220703125,88.4,1543.612286060606,1500.009472,2201.020672,True
Qwen2-0.5B-Instruct,None (Full Precision),16-bit,ondemand,1024,512,205,512,0.6453726291656494,244.2437505722046,317.6459470632154,2.096266532103715,0.0,5.4998637860082304,0.0,1345.0498999999998,0.0,2.6270505859374995,0.0,0.38114880907353765,81.55999999999999,2.8079376220703125,86.2,1629.2186624,1500.0128,2146.0288,True,99.72089120370372,2.8087310791015625,87.8,1550.4950174814815,1500.009472,2201.030656,True
Qwen2-0.5B-Instruct,None (Full Precision),16-bit,ondemand,2048,128,424,128,148.87610268592834,58.568257570266724,2.8480057735960345,2.1854841736828723,4.776506093189964,5.758081359223301,707.0174,335.2413,1.6674938679245281,2.61907265625,0.5962529342643441,0.3795507630648812,39.351768766177734,2.824981689453125,86.2,2199.963011423641,1500.009472,2400.033792,True,99.73341404358354,2.824981689453125,88.4,1618.9295456077482,1500.009472,2311.021568,True
Qwen2-0.5B-Instruct,None (Full Precision),16-bit,ondemand,2048,128,424,128,148.21659684181213,59.106396198272705,2.8606782845818852,2.1655862687114835,4.741943163922691,5.669918336483931,696.5531500000001,331.3340500000001,1.642814033018868,2.588547265625001,0.6032713142465077,0.38194311455540675,39.461096605744125,2.8250885009765625,86.2,2206.3262434812877,1500.0128,2400.03712,True,99.68515815085158,2.8250885009765625,87.8,1598.9408847104623,1500.009472,2256.029184,True
Qwen2-0.5B-Instruct,None (Full Precision),16-bit,ondemand,2048,128,424,128,149.38549828529358,58.518433809280396,2.83829424453405,2.187344938471347,4.767314680851064,5.7459036511156185,711.7517,325.86314999999996,1.6786596698113208,2.5458058593749997,0.5953654068473105,0.38067901435253865,39.63353500432152,2.8289794921875,86.2,2189.2400770544514,1500.009472,2400.03712,True,99.65762711864406,2.8289794921875,87.8,1595.732905220339,1500.009472,2311.034624,True
Qwen2-0.5B-Instruct,None (Full Precision),16-bit,ondemand,2048,512,424,155,148.03672885894775,72.51348757743835,2.864154073574507,2.1375333772834044,4.741680610795455,5.64725,698.3127500000002,407.15959999999984,1.6469640330188684,2.626836129032257,0.6040377470919582,0.3785087214632617,39.24122270742358,2.8289794921875,86.2,2230.9990689537117,1500.0128,2400.033792,True,99.6503937007874,2.8289794921875,87.8,1620.5564034015747,1500.009472,2256.029184,True
Qwen2-0.5B-Instruct,None (Full Precision),16-bit,ondemand,2048,512,424,359,148.1250593662262,172.29088139533997,2.8624461101595053,2.083685434148055,4.73692256227758,5.62411066319896,694.9568000000002,963.9449999999998,1.6390490566037739,2.6850835654596095,0.6042839148257472,0.37049154238420823,39.36111595466434,2.8289794921875,86.2,2217.0544420156934,1500.009472,2400.033792,True,99.71585866885785,2.8292083740234375,87.8,1592.9794955464256,1500.009472,2311.021568,True
Qwen2-0.5B-Instruct,None (Full Precision),16-bit,ondemand,2048,512,424,152,148.11247181892395,71.1660509109497,2.862689379179118,2.135849861757793,4.739571846044191,5.696640220820189,698.18025,399.4312999999999,1.646651533018868,2.6278374999999996,0.6039974647854356,0.37493149979028834,39.51416159860991,2.8293304443359375,86.2,2225.4213228983494,1500.009472,2400.03712,True,99.76780000000001,2.8293304443359375,87.8,1624.629564928,1500.009472,2256.032768,True
SmolLM2-135M,None (Full Precision),32-bit,performance,256,128,119,78,12.51901388168335,16.778613328933716,9.505541021414608,4.648775108577874,4.703193805309735,7.1052739130434786,50.705,114.01884999999997,0.4260924369747899,1.461780128205128,2.0210821443681946,0.6542710619563735,40.227722772277225,1.1471099853515625,68.6,2400.028170138614,2400.017408,2400.03712,True,99.55078125,1.1504974365234375,77.4,2400.027896,2400.017408,2400.03712,True
SmolLM2-135M,None (Full Precision),32-bit,performance,256,128,119,128,0.13336420059204102,27.24039363861084,892.2934301088725,4.698904197132135,0.0,7.427781818181819,0.0,193.34425,0.0,1.510501953125,0.0,0.6326120384459998,100.0,1.1523590087890625,75.2,2400.033792,2400.033792,2400.033792,True,99.75339805825243,1.1576690673828125,84.0,2381.55188815534,2201.0176,2400.03712,True
SmolLM2-135M,None (Full Precision),32-bit,performance,256,128,119,128,0.17300081253051758,31.841652393341064,687.858041007803,4.019891883084817,0.0,6.834070169491525,0.0,212.93985,0.0,1.663592578125,0.0,0.5882134340718818,100.0,1.1596832275390625,82.3,2283.518848,2256.016128,2311.021568,True,99.7626050420168,1.1596832275390625,86.2,2042.784009142857,1500.009472,2400.030464,True
SmolLM2-135M,None (Full Precision),32-bit,performance,256,512,119,511,0.15367579460144043,143.04360675811768,774.3574732027746,3.5723372164691374,0.0,6.09221643625192,0.0,867.5367000000002,0.0,1.6977234833659496,0.0,0.5863772657865265,100.0,1.15972900390625,85.6,2146.025344,2146.025344,2146.025344,True,99.73654580152672,1.175994873046875,87.3,1832.1511678778627,1500.009472,2400.027136,True
SmolLM2-135M,None (Full Precision),32-bit,performance,256,512,119,82,0.20250272750854492,22.638521671295166,587.6464058736128,3.622144643127164,6.1154875,5.883627638190954,0.0,123.2244,0.0,1.5027365853658536,96.09150633921054,0.6156311829823529,100.0,1.1760711669921875,84.5,1500.022656,1500.022656,1500.022656,True,99.70120481927712,1.1761322021484375,86.7,1721.7611049638556,1500.0128,2256.032768,True
SmolLM2-135M,None (Full Precision),32-bit,performance,256,512,119,27,0.20406651496887207,7.518339157104492,583.1431972959995,3.5912186768651178,0.0,5.7877015151515145,0.0,35.089400000000005,0.0,1.2996074074074075,0.0,0.6204913414183046,100.0,1.1761322021484375,85.6,1500.019456,1500.019456,1500.019456,True,99.49821428571428,1.1761322021484375,86.7,1884.1463977142855,1500.009472,2311.027968,True
SmolLM2-135M,None (Full Precision),32-bit,performance,1024,128,199,128,21.781006813049316,35.0056426525116,9.136400429422585,3.656553352572609,5.172429292929293,5.923603883495146,108.2876,201.88090000000003,0.5441587939698492,1.5771945312500002,1.766365456539355,0.6172852581788617,40.07225433526011,1.180908203125,85.6,2255.9797863583813,1500.0128,2400.03712,True,99.70274509803922,1.180908203125,87.3,1747.7539418352942,1500.009472,2366.036736,True
SmolLM2-135M,None (Full Precision),32-bit,performance,1024,128,199,127,0.23289084434509277,36.46790409088135,854.4775581865553,3.4825143688955746,0.0,5.84716017699115,0.0,211.99664999999996,0.0,1.669264960629921,0.0,0.5955907249812366,100.0,1.180908203125,85.6,1500.0193920000002,1500.016128,1500.022656,True,99.6751879699248,1.180908203125,87.3,1725.4674853533834,1500.0128,2311.031296,True
SmolLM2-135M,None (Full Precision),32-bit,performance,1024,128,199,128,0.450897216796875,36.92312574386597,441.3422673434856,3.466662082943089,5.68568,5.689251940298507,0.0,206.34625000000003,0.0,1.6120800781250002,77.62347992561763,0.6093353079317486,100.0,1.180908203125,86.7,1661.515968,1500.0128,2146.018816,True,99.70526315789473,1.180908203125,87.3,1698.8546136541354,1500.009472,2256.026112,True
SmolLM2-135M,None (Full Precision),32-bit,performance,1024,512,199,511,0.2731943130493164,155.25970435142517,728.4192623880754,3.291259648693962,5.5620400000000005,5.685998712446352,0.0,877.9968000000002,0.0,1.7181933463796482,130.96260767417627,0.5788358061864431,92.19999999999999,1.180908203125,84.5,1823.0224640000001,1500.016128,2146.0288,True,99.63652482269504,1.1934661865234375,87.3,1700.0997902978725,1500.009472,2256.029184,True
SmolLM2-135M,None (Full Precision),32-bit,performance,1024,512,199,30,0.24396944046020508,8.695925235748291,815.6759290205437,3.449891666118778,0.0,5.6406875,0.0,45.26675,0.0,1.5088916666666667,0.0,0.6116083661998254,100.0,1.1942291259765625,86.7,1500.017728,1500.0128,1500.022656,True,99.60483870967742,1.1942291259765625,87.3,1649.4381233548388,1500.009472,2256.032768,True
SmolLM2-135M,None (Full Precision),32-bit,performance,1024,512,199,339,0.279172420501709,102.81604146957397,712.8211291157315,3.297150864345611,5.4693,5.668482231852654,0.0,572.7370000000001,0.0,1.6894896755162245,130.33132743051792,0.5816637910264718,96.3,1.1942596435546875,85.6,1733.6909226666667,1500.019456,2201.030656,True,99.72529960053262,1.1942596435546875,87.3,1673.7786724900134,1500.009472,2256.022784,True
SmolLM2-135M,None (Full Precision),32-bit,performance,2048,128,429,57,50.855350971221924,17.14974093437195,8.435690479115225,3.323665367198588,4.837618219461698,5.798892857142857,241.90430000000006,92.7445,0.5638794871794873,1.6270964912280703,1.743769370881421,0.5731551606621983,40.790523690773064,1.2062225341796875,85.6,2134.2563683591025,1500.009472,2400.027136,True,99.20639999999999,1.2062225341796875,86.7,1773.380958208,1500.009472,2311.031296,True
SmolLM2-135M,None (Full Precision),32-bit,performance,2048,128,429,128,49.88588619232178,38.61148524284363,8.599626722999457,3.3150757914375726,4.957047587719298,5.699082608695653,241.08365000000003,212.5793,0.5619665501165502,1.66077578125,1.7348283571665453,0.5816858640335261,40.25308310991957,1.2062225341796875,85.6,2175.4249244825737,1500.0128,2366.036736,True,99.56214285714286,1.208160400390625,87.3,1685.084125257143,1500.009472,2256.032768,True
SmolLM2-135M,None (Full Precision),32-bit,performance,2048,128,429,128,50.40525841712952,39.104822635650635,8.511016776261787,3.2732535624213885,4.881900618556701,5.694890625,243.21745,213.18250000000003,0.5669404428904429,1.6654882812500003,1.7433818181202567,0.5747702243923936,40.77868020304568,1.2082366943359375,86.2,2106.768265746193,1500.009472,2366.036736,True,99.65277777777777,1.2082366943359375,87.3,1656.7480751111111,1500.009472,2311.027968,True
SmolLM2-135M,None (Full Precision),32-bit,performance,2048,512,429,429,50.99315929412842,138.088947057724,8.412893139754864,3.1066932519998813,4.868101673640168,5.5873896825396825,242.62009999999995,766.67715,0.5655480186480185,1.7871262237762238,1.7281670975175105,0.5560187186707497,40.640712468193385,1.2082366943359375,86.7,2143.8494547379137,1500.0128,2366.033152,True,99.66021717670287,1.2135467529296875,87.3,1675.9753083830205,1500.009472,2311.031296,True
SmolLM2-135M,None (Full Precision),32-bit,performance,2048,512,429,351,51.13535666465759,110.92093777656555,8.389498538425274,3.1644160880341596,4.748896280991735,5.598563627152989,237.6384,616.0179999999999,0.5539356643356643,1.7550370370370367,1.766620713955297,0.5652192774387286,41.12762148337596,1.21368408203125,86.7,2094.566392797954,1500.009472,2400.033792,True,99.70220858895706,1.21368408203125,87.3,1686.4602407263803,1500.009472,2311.017984,True
SmolLM2-135M,None (Full Precision),32-bit,performance,2048,512,429,372,51.400004386901855,118.19092774391174,8.346302789602895,3.147449699405228,4.854561855670103,5.584638627819549,246.3195,651.3587499999996,0.5741713286713287,1.7509643817204292,1.7192700469671545,0.5635905757135998,40.73208020050125,1.21368408203125,86.2,2114.493152240602,1500.0128,2366.033152,True,99.66674364896073,1.21368408203125,87.3,1651.259647408776,1500.009472,2256.032768,True
SmolLM2-135M,INT4,32-bit,performance,256,128,119,95,15.063604593276978,28.862979888916016,7.899835611266029,3.2914134426044477,5.0160640625,5.48882984496124,70.2229,154.90645,0.5901084033613445,1.6305942105263158,1.574907240584316,0.5996566728381959,41.189473684210526,1.2453155517578125,85.6,2067.9184426666666,1500.0128,2366.026496,True,99.22440191387561,1.248748779296875,87.3,1654.6322930526317,1500.009472,2256.03584,True
SmolLM2-135M,INT4,32-bit,performance,256,128,119,28,0.6461653709411621,8.284399271011353,184.16338193220167,3.379846755814533,0.0,5.665427536231884,0.0,44.934850000000004,0.0,1.6048160714285715,0.0,0.5965739980256624,77.8,1.25103759765625,86.2,1640.2203136,1500.0128,2201.030656,True,99.75333333333333,1.2521820068359375,87.3,1620.2854912,1500.009472,2201.033984,True
SmolLM2-135M,INT4,32-bit,performance,256,128,119,81,0.6001977920532227,24.725751161575317,198.2679736173499,3.2759368753122793,0.0,5.513246428571429,0.0,133.9472,0.0,1.6536691358024693,0.0,0.5941938053658029,76.025,1.253326416015625,86.2,1864.269792,1500.009472,2311.021568,True,99.45722222222221,1.2550201416015625,87.8,1627.7690858666665,1500.009472,2256.029184,True
SmolLM2-135M,INT4,32-bit,performance,256,512,119,405,0.6222460269927979,130.20978212356567,191.2426835010991,3.1103653918694496,0.0,5.45452924935289,0.0,704.26045,0.0,1.7389146913580247,0.0,0.5702353493179002,82.88,1.255615234375,86.7,1629.2193024,1500.016128,2146.018816,True,99.75822784810127,1.266632080078125,87.8,1610.6584090464135,1500.009472,2256.026112,True
SmolLM2-135M,INT4,32-bit,performance,256,512,119,508,0.7194080352783203,166.0598340034485,165.41377655583452,3.0591383102879086,5.555955555555556,5.419834143049933,0.0,896.1586000000004,0.0,1.7640917322834655,29.772336171845836,0.5644339346086379,71.26666666666667,1.266632080078125,86.2,1607.6848853333333,1500.0128,2146.018816,True,99.69925558312654,1.27044677734375,87.8,1590.468104999173,1500.009472,2256.03584,True
SmolLM2-135M,INT4,32-bit,performance,256,512,119,67,0.6326355934143066,20.293510675430298,188.10196776593332,3.3015480205264853,0.0,5.446103743315508,0.0,110.26395000000001,0.0,1.6457305970149254,0.0,0.6062220214917448,74.525,1.27044677734375,85.6,1661.521792,1500.019456,2146.0288,True,99.721768707483,1.2706451416015625,87.8,1601.8418085442177,1500.009472,2201.0176,True
SmolLM2-135M,INT4,32-bit,performance,1024,128,199,62,24.447611331939697,18.863033533096313,8.139854536218657,3.286852026807741,4.939630493273542,5.587245911949686,117.36715,95.38399999999999,0.5897846733668342,1.5384516129032255,1.6478670919419915,0.5882776735811839,40.916489361702126,1.27264404296875,86.2,2086.7523472340426,1500.0128,2366.03008,True,99.35912408759124,1.27264404296875,87.8,1620.3113735474453,1500.009472,2256.026112,True
SmolLM2-135M,INT4,32-bit,performance,1024,128,199,20,0.6272106170654297,5.865635633468628,317.2777924759533,3.409690142681613,5.21394,5.627121568627452,0.0,27.439999999999998,0.0,1.3719999999999999,60.85183037701878,0.6059385959762182,82.24,1.27264404296875,85.6,1769.4189056,1500.0128,2201.020672,True,99.66279069767442,1.27264404296875,87.8,1607.7385019534884,1500.0128,2256.016128,True
SmolLM2-135M,INT4,32-bit,performance,1024,128,199,128,0.6749982833862305,39.86646223068237,294.81556456956685,3.210718805680418,0.0,5.4777885793871866,0.0,215.25745000000003,0.0,1.6816988281250003,0.0,0.5861341231317856,64.78,1.27264404296875,85.6,1898.6194944000003,1500.0128,2201.0176,True,99.59829351535836,1.27264404296875,87.8,1591.5406377064846,1500.009472,2201.024256,True
SmolLM2-135M,INT4,32-bit,performance,1024,512,199,48,0.6383273601531982,15.266271829605103,311.75226446856374,3.144186120603201,0.0,5.473612056737589,0.0,76.45689999999999,0.0,1.592852083333333,0.0,0.5744261902399447,75.5,1.27264404296875,86.7,1640.2197248,1500.016128,2201.024256,True,99.73125,1.27264404296875,87.3,1615.867536,1500.009472,2201.020672,True
SmolLM2-135M,INT4,32-bit,performance,1024,512,199,8,0.6488122940063477,2.416238307952881,306.71428676419794,3.3109316964591424,0.0,5.275848275862068,0.0,10.9514,0.0,1.368925,0.0,0.62756385766574,75.5,1.27264404296875,86.7,1629.2186624,1500.0128,2146.0288,True,99.6888888888889,1.27264404296875,87.3,1610.7418382222222,1500.0128,2201.0176,True
SmolLM2-135M,INT4,32-bit,performance,1024,512,199,3,0.57666015625,0.9333865642547607,345.09060118543607,3.2141024039651516,5.569288888888889,4.702579999999999,0.0,0.0,0.0,0.0,61.963135342811064,0.6834763903995577,73.575,1.27264404296875,86.2,1675.2681280000002,1500.016128,2201.0176,True,96.25714285714285,1.27264404296875,86.2,1692.448585142857,1500.0128,2201.030656,True
SmolLM2-135M,INT4,32-bit,performance,2048,128,429,128,51.532933473587036,41.834110260009766,8.32477352021658,3.059704131495735,4.791497967479675,5.5524023809523815,244.53255000000007,227.60845000000003,0.5700059440559442,1.7781910156250003,1.7374052074565327,0.5510595093021547,41.340302267002514,1.284027099609375,86.2,2086.15254311335,1500.009472,2400.02048,True,99.6467320261438,1.288421630859375,87.8,1661.0487295163398,1500.009472,2256.03584,True
SmolLM2-135M,INT4,32-bit,performance,2048,128,429,128,51.21275997161865,41.015437841415405,8.376818594384396,3.120776145189697,4.8672071129707115,5.600326809651474,243.8189999999999,225.85344999999998,0.5683426573426571,1.7644800781249999,1.7210729685327866,0.557248934082101,40.7546365914787,1.2886199951171875,86.2,2120.0070743258148,1500.009472,2366.036736,True,99.48006756756756,1.2886199951171875,87.3,1624.0935247567568,1500.009472,2256.019456,True
SmolLM2-135M,INT4,32-bit,performance,2048,128,429,93,51.66064810752869,29.73354697227478,8.304193147307425,3.127780216962288,4.809409185803758,5.623085239852398,238.87879999999998,162.36355000000003,0.5568270396270396,1.7458446236559144,1.7266555675527557,0.5562391611627766,40.928391959798994,1.2886199951171875,86.2,2103.795584321608,1500.0128,2400.03712,True,99.46926605504586,1.2886199951171875,87.8,1648.7535236697247,1500.009472,2256.026112,True
SmolLM2-135M,INT4,32-bit,performance,2048,512,429,18,50.75701451301575,5.242709159851074,8.452033755649486,3.433339415019412,4.886254584221748,5.883392307692308,240.461,30.45715,0.5605151515151515,1.6920638888888888,1.7297571401502554,0.5835645891793504,40.46835443037975,1.2886199951171875,86.2,2134.673166258228,1500.0128,2366.036736,True,99.74864864864864,1.2886199951171875,86.7,1645.6412955675676,1500.0128,2256.019456,True
SmolLM2-135M,INT4,32-bit,performance,2048,512,429,518,50.5908260345459,173.74028539657593,8.47979828807416,2.9814616616844165,4.95509154334038,5.474469891095451,247.17155,951.1143499999997,0.5761574592074592,1.8361280888030882,1.711330298119511,0.5446119388717326,40.81687344913151,1.2886199951171875,85.6,2156.895812605459,1500.009472,2400.023808,True,99.73811023622046,1.2950897216796875,87.8,1619.4575918362204,1500.009472,2256.032768,True
SmolLM2-135M,INT4,32-bit,performance,2048,512,429,222,51.42056155204773,73.09391593933105,8.34296606360021,3.0371884875379096,4.8447559917355365,5.492545966514459,243.62204999999994,396.23495,0.5678835664335663,1.7848421171171172,1.7220611477300656,0.5529655110861628,41.279104477611945,1.295379638671875,86.2,2131.9130211343286,1500.0128,2400.027136,True,99.63258003766478,1.295379638671875,87.8,1645.5692727683618,1500.009472,2311.021568,True
SmolLM2-135M,None (Full Precision),16-bit,performance,256,128,119,128,13.605068683624268,25.811434745788574,8.746740113354537,4.95904242676338,4.7694779527559055,5.604688185654008,61.37604999999999,140.39155,0.5157651260504201,1.096808984375,1.833898845952414,0.8848025550211251,40.18285714285714,1.283935546875,86.2,2189.977311085714,1500.0128,2400.027136,True,99.378125,1.28594970703125,87.3,1710.48896,1500.0128,2311.027968,True
SmolLM2-135M,None (Full Precision),16-bit,performance,256,128,119,8,0.25405073165893555,1.5059821605682373,468.410380961855,5.312147918791707,0.0,5.646326315789474,0.0,6.0776,0.0,0.7597,0.0,0.9408148983413755,97.05,1.286956787109375,86.2,1500.021056,1500.019456,1500.022656,True,99.34545454545454,1.2870025634765625,87.3,1617.4753163636365,1500.009472,2146.032,True
SmolLM2-135M,None (Full Precision),16-bit,performance,256,128,119,128,0.22649884223937988,26.313703775405884,525.3889990052684,4.864385534340295,0.0,5.542656837606838,0.0,137.06204999999994,0.0,1.0707972656249996,0.0,0.8776270436472843,100.0,1.2877655029296875,85.1,1500.016128,1500.016128,1500.016128,True,99.73163265306123,1.2897186279296875,87.8,1603.034458122449,1500.009472,2201.027328,True
SmolLM2-135M,None (Full Precision),16-bit,performance,256,512,119,261,0.22421550750732422,55.844913721084595,530.7393824939282,4.673657502696756,0.0,5.46402090729783,0.0,300.22970000000004,0.0,1.1503053639846745,0.0,0.8553513213052584,100.0,1.2897186279296875,86.2,1823.019072,1500.0128,2146.025344,True,99.56714975845411,1.2917327880859375,87.8,1600.6808446763284,1500.009472,2201.027328,True
SmolLM2-135M,None (Full Precision),16-bit,performance,256,512,119,184,0.16350030899047852,38.95747137069702,727.8273706927979,4.723099152128258,0.0,5.507132753623188,0.0,209.6301,0.0,1.1392940217391305,0.0,0.8576330666844543,100.0,1.2917327880859375,86.2,1500.022656,1500.022656,1500.022656,True,99.61868512110726,1.2918243408203125,87.8,1621.2957705743945,1500.009472,2201.027328,True
SmolLM2-135M,None (Full Precision),16-bit,performance,256,512,119,156,0.23565173149108887,33.01628017425537,504.9824978879901,4.72494173106884,0.0,5.458186779661017,0.0,176.61409999999998,0.0,1.1321416666666666,0.0,0.8656614223381862,98.25,1.2918243408203125,85.1,1500.017792,1500.016128,1500.019456,True,99.76049382716049,1.2918243408203125,87.8,1596.4016524115225,1500.009472,2201.027328,True
SmolLM2-135M,None (Full Precision),16-bit,performance,1024,128,199,128,23.160563230514526,26.27987766265869,8.592191736417417,4.870646722297201,4.528837614678899,5.677731578947368,99.81590000000003,140.90714999999997,0.5015874371859298,1.1008371093749998,1.8972178884419144,0.8578508255580837,40.31787709497206,1.29376220703125,85.6,2142.2154540335196,1500.0128,2366.036736,True,99.61701030927836,1.2949371337890625,87.8,1628.8238139381444,1500.009472,2201.033984,True
SmolLM2-135M,None (Full Precision),16-bit,performance,1024,128,199,128,0.21925973892211914,26.427794456481934,907.5993658401857,4.843385633665903,0.0,5.58311936936937,0.0,139.90095000000002,0.0,1.0929761718750002,0.0,0.8675052982456612,100.0,1.2949371337890625,85.6,1823.0224,1500.019456,2146.025344,True,99.71347150259068,1.29644775390625,87.3,1614.6772964145077,1500.009472,2201.033984,True
SmolLM2-135M,None (Full Precision),16-bit,performance,1024,128,199,128,0.20597028732299805,27.205533742904663,966.1587726385632,4.704925152713941,0.0,5.501084937238494,0.0,143.44599999999997,0.0,1.1206718749999998,0.0,0.8552722247324145,99.0,1.29644775390625,86.2,1823.0208,1500.0128,2146.0288,True,99.47,1.296539306640625,87.3,1624.13405824,1500.009472,2256.016128,True
SmolLM2-135M,None (Full Precision),16-bit,performance,1024,512,199,53,0.20847868919372559,10.920668840408325,954.5340138582814,4.853182600308418,0.0,5.608374468085106,0.0,56.08795000000001,0.0,1.05826320754717,0.0,0.8653456768847789,98.1,1.296539306640625,86.2,1500.022656,1500.022656,1500.022656,True,99.74074074074075,1.296539306640625,87.8,1571.7959095308643,1500.009472,2146.0288,True
SmolLM2-135M,None (Full Precision),16-bit,performance,1024,512,199,250,0.1759786605834961,55.061383962631226,1130.8189262275982,4.540387146274215,0.0,5.412956224899599,0.0,294.1099000000001,0.0,1.1764396000000004,0.0,0.8387999011313696,98.2,1.296539306640625,85.6,1500.019456,1500.019456,1500.019456,True,99.68553921568626,1.2982940673828125,87.8,1605.1929076078432,1500.009472,2201.030656,True
SmolLM2-135M,None (Full Precision),16-bit,performance,1024,512,199,293,0.24874114990234375,64.41276168823242,800.0284636383155,4.5487880401428,0.0,5.49497448630137,0.0,352.3639500000001,0.0,1.2026073378839595,0.0,0.8278087644415176,100.0,1.2982940673828125,85.6,1500.019456,1500.019456,1500.019456,True,99.66589958158997,1.298980712890625,87.8,1637.6681126025105,1500.009472,2256.032768,True
SmolLM2-135M,None (Full Precision),16-bit,performance,2048,128,429,128,48.65038061141968,28.03485894203186,8.818019398995228,4.565744392175032,4.637318599562364,5.716985992217899,221.93934999999996,154.43734999999998,0.5173411421911421,1.2065417968749999,1.901534089080575,0.798627878114453,39.281182795698925,1.3059234619140625,86.2,2231.7141546666667,1500.0128,2366.036736,True,99.47547169811321,1.307952880859375,87.3,1691.0857763018869,1500.009472,2311.02464,True
SmolLM2-135M,None (Full Precision),16-bit,performance,2048,128,429,128,47.95811653137207,28.113282918930054,8.945305425398999,4.553007927573315,4.672414382022472,5.761261627906977,221.43685,154.15044999999998,0.5161698135198135,1.2043003906249998,1.9144931707720216,0.7902796681752827,39.135040431266845,1.308013916015625,85.6,2271.414739838275,1500.016128,2400.033792,True,99.46601941747574,1.308013916015625,87.3,1694.582808854369,1500.009472,2311.027968,True
SmolLM2-135M,None (Full Precision),16-bit,performance,2048,128,429,128,47.545753717422485,27.66835045814514,9.022887775629034,4.626224472385153,4.745435650224215,5.689799180327869,221.72984999999997,147.3919,0.5168527972027971,1.15149921875,1.901382389455163,0.8130734188967582,39.05417789757413,1.3105010986328125,85.6,2282.746436657682,1500.0128,2400.03712,True,99.5839024390244,1.3105010986328125,87.3,1701.8348731317076,1500.009472,2311.027968,True
SmolLM2-135M,None (Full Precision),16-bit,performance,2048,512,429,368,47.93714356422424,83.83770728111267,8.949219083636955,4.389433012117982,4.6191604395604395,5.598799335989376,216.81244999999998,463.03305,0.5053903263403263,1.2582419836956522,1.9374124801970647,0.7839954155710628,39.19430894308943,1.3105010986328125,86.2,2288.040390417344,1500.019456,2400.03712,True,99.53236245954693,1.3106842041015625,87.3,1670.4953923106796,1500.009472,2256.03584,True
SmolLM2-135M,None (Full Precision),16-bit,performance,2048,512,429,512,48.19062566757202,118.85315489768982,8.902146300388845,4.307836846575386,4.669790088105727,5.588785673892555,219.66045,660.3769000000001,0.5120290209790209,1.2897986328125002,1.9063268653259633,0.7708001519362262,39.3544502617801,1.310760498046875,86.2,2261.953365780105,1500.016128,2400.03712,True,99.68056497175141,1.31292724609375,87.8,1655.63871660113,1500.009472,2311.017984,True
SmolLM2-135M,None (Full Precision),16-bit,performance,2048,512,429,34,48.35814309120178,7.207733631134033,8.871308379044267,4.717155452739808,4.70617097505669,5.726191025641025,221.5297500000001,40.70445,0.5163863636363638,1.197189705882353,1.885037417055891,0.8237859043851476,39.11042780748663,1.313018798828125,85.6,2246.7350146737967,1500.0128,2400.03712,True,99.11666666666667,1.313018798828125,86.7,1783.3180705185184,1500.0128,2311.02464,True
SmolLM2-135M,INT4,16-bit,performance,256,128,119,64,13.984174489974976,18.88465166091919,8.509619218875532,3.388995526586529,4.725947286821706,5.620996,60.8057,101.09020000000001,0.5109722689075631,1.5795343750000002,1.80061661766829,0.6029172635217191,40.557943925233644,1.279632568359375,86.2,2228.914089869159,1500.0128,2400.033792,True,99.24710144927536,1.279815673828125,87.3,1650.7150701449275,1500.009472,2366.033152,True
SmolLM2-135M,INT4,16-bit,performance,256,128,119,128,0.5656759738922119,38.810049057006836,210.36778207355002,3.298114872567796,5.230766666666666,5.4804885294117645,0.0,202.96324999999996,0.0,1.5856503906249997,40.217389816703104,0.6017921312795433,63.775,1.279998779296875,85.1,2012.0248960000001,1500.016128,2201.033984,True,99.59892857142857,1.280364990234375,87.3,1601.9260438857143,1500.009472,2201.020672,True
SmolLM2-135M,INT4,16-bit,performance,256,128,119,17,0.6077671051025391,5.32517147064209,195.7986850570384,3.1923854647163505,0.0,5.216336842105264,0.0,26.2212,0.0,1.5424235294117647,0.0,0.6119975686669679,78.22,1.28045654296875,85.6,1920.6241536000002,1500.022656,2256.022784,True,98.98974358974358,1.28045654296875,87.3,1650.5055934358975,1500.0128,2201.0176,True
SmolLM2-135M,INT4,16-bit,performance,256,512,119,66,0.570014476776123,19.90863561630249,208.76662760047415,3.3151443058184706,5.2593,5.529452,0.0,105.81275,0.0,1.6032234848484848,39.6947554998715,0.5995430118244033,64.8,1.28045654296875,86.2,1661.520928,1500.016128,2146.0288,True,99.5326388888889,1.28045654296875,87.3,1618.9496506666667,1500.0128,2256.019456,True
SmolLM2-135M,INT4,16-bit,performance,256,512,119,16,0.6135244369506836,4.848159551620483,193.96130428227013,3.3002214200339273,0.0,5.3277270833333334,0.0,21.1397,0.0,1.32123125,0.0,0.6194426569555282,72.8,1.28045654296875,86.2,1661.515136,1500.0128,2146.018816,True,99.03611111111111,1.28045654296875,87.3,1625.629952,1500.009472,2146.032,True
SmolLM2-135M,INT4,16-bit,performance,256,512,119,82,0.6062195301055908,24.886893033981323,196.29852568305193,3.294907077714952,4.95949,5.5153973094170405,0.0,132.35415,0.0,1.6140750000000001,39.58038541927738,0.5974015819475411,75.97999999999999,1.28045654296875,86.2,1887.6210432,1500.0128,2146.025344,True,99.50666666666667,1.28045654296875,87.3,1629.8306197333334,1500.009472,2201.024256,True
SmolLM2-135M,INT4,16-bit,performance,1024,128,199,128,22.795030117034912,39.021647214889526,8.72997311160759,3.280230567795173,4.620298623853211,5.537680056179775,102.09089999999999,210.60105,0.5130195979899497,1.645320703125,1.8894824387621543,0.5923474333145338,39.998295454545456,1.2807769775390625,85.6,2187.0198741818185,1500.0128,2400.030464,True,99.4006993006993,1.2811431884765625,87.3,1669.187545062937,1500.009472,2256.032768,True
SmolLM2-135M,INT4,16-bit,performance,1024,128,199,65,0.6020421981811523,19.985735177993774,330.54161419449474,3.2523196880728853,0.0,5.4153111731843575,0.0,104.03935000000001,0.0,1.6006053846153847,0.0,0.600578541853289,71.925,1.2811431884765625,86.2,1850.518464,1500.0128,2256.022784,True,99.37103448275862,1.2812347412109375,87.8,1620.6880158896552,1500.0128,2201.027328,True
SmolLM2-135M,INT4,16-bit,performance,1024,128,199,29,0.616610050201416,8.996155261993408,322.73233291445143,3.223599321647774,5.188322222222222,5.715548051948052,0.0,46.18115,0.0,1.592453448275862,62.20360245401667,0.5640052873930544,68.775,1.2812347412109375,85.1,1864.268096,1500.0128,2256.016128,True,99.08805970149253,1.2812347412109375,87.8,1577.9738077611942,1500.0128,2201.0176,True
SmolLM2-135M,INT4,16-bit,performance,1024,512,199,13,0.6198091506958008,3.9822466373443604,321.06657311625946,3.264488913893416,5.266711111111111,5.4668914285714285,0.0,15.9328,0.0,1.2256,60.961493110740314,0.5971380548792918,69.58,1.2812347412109375,86.7,1909.61984,1500.0128,2201.030656,True,99.91071428571429,1.2812347412109375,87.8,1686.5566811428573,1500.0128,2201.020672,True
SmolLM2-135M,INT4,16-bit,performance,1024,512,199,54,0.5681250095367432,16.974075317382812,350.27502162291233,3.1813220449599204,0.0,5.4836221476510065,0.0,89.4658,0.0,1.6567740740740742,0.0,0.5801497549065608,66.275,1.2812347412109375,86.2,1500.019424,1500.016128,1500.022656,True,99.5344262295082,1.2812347412109375,87.3,1580.797513442623,1500.009472,2256.022784,True
SmolLM2-135M,INT4,16-bit,performance,1024,512,199,20,0.6624720096588135,6.061654806137085,300.39004984148545,3.299429056856079,0.0,5.604631147540983,0.0,34.599000000000004,0.0,1.72995,0.0,0.5886969133202806,64.16,1.2812347412109375,85.6,1769.4215680000002,1500.016128,2201.033984,True,99.26086956521739,1.2812347412109375,87.3,1640.4538657391304,1500.0128,2146.032,True
SmolLM2-135M,INT4,16-bit,performance,2048,128,429,128,49.37332558631897,41.00074481964111,8.688902254517632,3.121894506137911,4.6103993644067796,5.5105129032258064,225.18295000000003,221.24180000000004,0.5249019813519814,1.7284515625000003,1.8846311496565187,0.5665342883618657,39.645572916666666,1.282379150390625,86.7,2221.5495593333335,1500.0128,2400.03712,True,99.675,1.2830352783203125,87.3,1650.8459549866668,1500.009472,2256.032768,True
SmolLM2-135M,INT4,16-bit,performance,2048,128,429,127,48.565818071365356,40.29051876068115,8.83337328673437,3.152106349247039,4.691066233766233,5.540086723163842,225.13989999999995,218.90005000000002,0.5248016317016316,1.7236224409448822,1.883020372458582,0.5689633586542358,39.35873015873016,1.2830657958984375,86.2,2267.1848404656084,1500.0128,2400.03712,True,99.69897260273972,1.2830657958984375,87.3,1652.2011778630138,1500.009472,2256.029184,True
SmolLM2-135M,INT4,16-bit,performance,2048,128,429,65,48.6353657245636,20.06974220275879,8.82074172999034,3.238706274516326,4.635008565310493,5.728046927374302,222.34035000000003,110.31224999999998,0.5182758741258742,1.697111538461538,1.9030691326024445,0.5654119659946514,39.389295039164494,1.2830657958984375,85.1,2260.6506958537857,1500.016128,2400.03712,True,99.67364864864865,1.2830657958984375,87.3,1698.0202611891893,1500.009472,2256.032768,True
SmolLM2-135M,INT4,16-bit,performance,2048,512,429,508,48.18165946006775,168.99990582466125,8.903802916035902,3.005918834813163,4.6572951648351655,5.540879488903833,218.90954999999997,934.9831,0.5102786713286712,1.840517913385827,1.9117969982370726,0.5424985042235293,39.237533512064346,1.2830657958984375,87.8,2266.3695730616623,1500.0128,2400.03712,True,99.699115755627,1.2844696044921875,87.8,1632.4068658006431,1500.009472,2311.031296,True
SmolLM2-135M,INT4,16-bit,performance,2048,512,429,14,48.75687885284424,4.026955604553223,8.79875845405913,3.4765717268326464,4.6356726881720425,5.677647368421052,222.35695,17.4741,0.5183145687645688,1.24815,1.8980542945815038,0.6123261099604848,39.71947368421053,1.2845001220703125,87.3,2243.318160168421,1500.0128,2400.033792,True,99.14137931034483,1.2845001220703125,87.3,1780.6070863448276,1500.0128,2256.029184,True
SmolLM2-135M,INT4,16-bit,performance,2048,512,429,123,47.81670093536377,39.02184295654297,8.971760736482025,3.1520807496708976,4.660757582417582,5.672589743589744,219.08869999999993,216.37535,0.5106962703962702,1.7591491869918698,1.9249576013838254,0.555668731946088,39.34393530997305,1.2845001220703125,85.6,2284.1963071482483,1500.0128,2400.03712,True,99.40526315789474,1.2845001220703125,87.3,1678.2690254596491,1500.009472,2311.02464,True
Qwen2-0.5B-Instruct,None (Full Precision),32-bit,performance,256,128,122,128,40.42030668258667,77.52015137672424,3.0182848675059257,1.6511835661666747,5.384125,6.323621299093655,210.86145000000002,486.49085,1.7283725409836068,3.800709765625,0.5605896719533676,0.26111360691433777,38.95607476635514,3.0895538330078125,80.7,2400.028096996885,2400.017408,2400.03712,True,99.70346820809249,3.0900421142578125,87.3,1821.8461282157996,1500.009472,2400.033792,True
Qwen2-0.5B-Instruct,None (Full Precision),32-bit,performance,256,128,122,122,0.631584882736206,77.73552060127258,193.16485136797633,1.5694241069764288,0.0,5.865054643962848,0.0,450.79025000000024,0.0,3.6950020491803297,0.0,0.2675889999749455,75.6,3.0903778076171875,86.7,1629.2173312,1500.016128,2146.018816,True,99.74274809160305,3.0908660888671875,87.3,1669.9146623511451,1500.009472,2256.032768,True
Qwen2-0.5B-Instruct,None (Full Precision),32-bit,performance,256,128,122,77,0.6360609531402588,50.05945897102356,191.80551706197502,1.5381708388932194,0.0,5.749894930875576,0.0,280.51210000000003,0.0,3.643014285714286,0.0,0.2675128602148199,82.125,3.0909881591796875,85.6,1661.522528,1500.019456,2146.025344,True,99.67027027027027,3.0909881591796875,87.3,1653.316878990991,1500.009472,2256.019456,True
Qwen2-0.5B-Instruct,None (Full Precision),32-bit,performance,256,512,122,145,0.606717586517334,95.19084763526917,201.082023516578,1.5232556868868141,0.0,5.7087675870348145,0.0,546.4786499999999,0.0,3.7688182758620683,0.0,0.2668274130385481,71.275,3.0909881591796875,86.2,1500.016928,1500.0128,1500.022656,True,99.71326053042121,3.0909881591796875,87.8,1636.1161712823714,1500.009472,2256.026112,True
Qwen2-0.5B-Instruct,None (Full Precision),32-bit,performance,256,512,122,125,0.6018848419189453,81.05169939994812,202.69658164348573,1.5422255292043885,0.0,5.774412041116006,0.0,462.46330000000006,0.0,3.6997064000000006,0.0,0.267079231309293,75.95,3.0910491943359375,86.2,1661.519264,1500.0128,2146.032,True,99.67222222222222,3.0910491943359375,87.8,1603.5372574814814,1500.009472,2311.021568,True
Qwen2-0.5B-Instruct,None (Full Precision),32-bit,performance,256,512,122,122,0.6567132472991943,80.48300766944885,185.7736241833684,1.5158479228443509,5.350377777777777,5.693611594202899,0.0,448.8077,0.0,3.6787516393442625,34.72159011929201,0.2662366228823461,74.82000000000001,3.0910491943359375,85.6,1898.6194688,1500.016128,2201.020672,True,99.73863216266173,3.0910491943359375,87.3,1611.297976310536,1500.009472,2256.032768,True
Qwen2-0.5B-Instruct,None (Full Precision),32-bit,performance,1024,128,205,128,78.13235235214233,84.24570441246033,2.6237530783159513,1.5193653004943979,4.877648849797023,5.669280939226519,380.55435,473.3784000000001,1.8563626829268292,3.698268750000001,0.5379134823174356,0.26799964877057064,40.81314475873544,3.106201171875,86.2,2084.1158683261233,1500.009472,2366.036736,True,99.6755711775044,3.106781005859375,87.8,1607.899238804921,1500.009472,2311.034624,True
Qwen2-0.5B-Instruct,None (Full Precision),32-bit,performance,1024,128,205,124,0.6499948501586914,82.44684720039368,315.3871141439825,1.5039992942193174,5.13112,5.6317965665236045,0.0,456.72055000000006,0.0,3.6832302419354845,61.46555023932056,0.2670549755222615,76.1,3.1068572998046875,86.2,1500.0181248000001,1500.016128,1500.019456,True,99.78354203935599,3.1073150634765625,87.8,1564.1684947119857,1500.009472,2256.022784,True
Qwen2-0.5B-Instruct,None (Full Precision),32-bit,performance,1024,128,205,128,0.7017116546630859,85.52318930625916,292.14278918942426,1.4966700965936979,0.0,5.552514919354839,0.0,471.83389999999997,0.0,3.6862023437499998,0.0,0.2695481449994194,77.5,3.1073150634765625,85.6,1629.2173056,1500.0128,2146.025344,True,99.68364888123924,3.1073150634765625,87.8,1562.6619545335627,1500.009472,2256.019456,True
Qwen2-0.5B-Instruct,None (Full Precision),32-bit,performance,1024,512,205,132,0.6106185913085938,88.32194375991821,335.7251202598863,1.49453232549784,0.0,5.577463267973856,0.0,492.95904999999976,0.0,3.734538257575756,0.0,0.26795915162355943,71.8,3.107391357421875,86.2,1823.024928,1500.019456,2146.0288,True,99.73160535117057,3.1074676513671875,88.4,1547.5500326956521,1500.009472,2146.032,True
Qwen2-0.5B-Instruct,None (Full Precision),32-bit,performance,1024,512,205,128,0.6211869716644287,85.96730351448059,330.013360471351,1.4889381749474007,5.300785714285714,5.588429891304347,0.0,474.88250000000016,0.0,3.7100195312500013,62.25744224709159,0.26643229026890064,72.65,3.1074676513671875,85.6,1689.016128,1500.0128,2256.022784,True,99.7412780656304,3.1074676513671875,87.8,1549.2048427772022,1500.009472,2201.024256,True
Qwen2-0.5B-Instruct,None (Full Precision),32-bit,performance,1024,512,205,194,0.627687931060791,129.89461398124695,326.5954144658326,1.4935184304717055,4.904311111111111,5.5715669716376945,0.0,718.9022499999998,0.0,3.7056817010309264,66.59353517070001,0.26806075168341803,79.08,3.1074676513671875,86.7,1629.2186368,1500.016128,2146.025344,True,99.73238636363637,3.1076202392578125,87.8,1537.519176581818,1500.009472,2201.024256,True
Qwen2-0.5B-Instruct,None (Full Precision),32-bit,performance,2048,128,424,128,164.6611840724945,86.60056042671204,2.5749845198084316,1.478050481074234,4.801470252754375,5.653706605019814,786.0241500000002,483.1076500000001,1.8538305424528307,3.7742785156250007,0.5362908409838185,0.26143034726313924,40.92078337330136,3.1369476318359375,86.2,2030.2121667018384,1500.009472,2400.023808,True,99.74037800687286,3.1376953125,87.8,1610.9689261305841,1500.009472,2311.02464,True
Qwen2-0.5B-Instruct,None (Full Precision),32-bit,performance,2048,128,424,128,161.71532249450684,86.51566123962402,2.621891317777896,1.4795009153946825,4.899995247657295,5.648196112600536,789.9036499999999,484.35145,1.8629803066037733,3.783995703125,0.5350803797271909,0.26194219993425344,40.30629032258065,3.137786865234375,86.2,2060.9431090580647,1500.009472,2400.017408,True,99.66746575342466,3.137786865234375,87.8,1612.047874410959,1500.009472,2256.026112,True
Qwen2-0.5B-Instruct,None (Full Precision),32-bit,performance,2048,128,424,128,162.66476917266846,87.28167390823364,2.6065877826926647,1.4665163288982848,4.860111507936508,5.703652729693741,788.6877999999999,490.8821500000001,1.8601127358490563,3.8350167968750006,0.5363226293133678,0.2571187970935653,40.700874403815575,3.1378936767578125,86.2,2040.5211770302067,1500.009472,2400.027136,True,99.71694915254237,3.1378936767578125,87.8,1615.4751422915253,1500.009472,2256.029184,True
Qwen2-0.5B-Instruct,None (Full Precision),32-bit,performance,2048,512,424,428,161.6241955757141,295.02470207214355,2.6233695919703677,1.4507259798718124,4.865309828496042,5.653176382895253,786.6888999999998,1662.9175499999985,1.8553983490566033,3.8853213785046696,0.539198876216543,0.2566213897484707,40.85203836930456,3.137939453125,86.2,2065.2630601055157,1500.009472,2400.03712,True,99.73432835820896,3.139007568359375,87.8,1594.1530376278608,1500.009472,2256.03584,True
Qwen2-0.5B-Instruct,None (Full Precision),32-bit,performance,2048,512,424,381,161.47191762924194,263.1678354740143,2.6258435907942377,1.4477453117085834,4.8802467025572005,5.618097136563876,780.3106500000007,1478.2683999999992,1.8403553066037752,3.8799695538057724,0.5380555022798995,0.2576931791168796,40.58582995951417,3.1391448974609375,86.2,2047.9062495870444,1500.009472,2366.036736,True,99.727333705981,3.1391448974609375,87.8,1575.1420132096143,1500.009472,2256.022784,True
Qwen2-0.5B-Instruct,None (Full Precision),32-bit,performance,2048,512,424,423,165.47123980522156,294.2925908565521,2.5623788188152585,1.437345054351654,4.8110884067357516,5.574110820451843,795.8356499999998,1639.2858499999993,1.8769708726415089,3.8753802600472795,0.5325985727528529,0.25786086797519775,40.829252782193954,3.1391448974609375,86.7,2012.4557650620034,1500.009472,2400.02048,True,99.76196623634559,3.1391448974609375,87.8,1558.4025951459782,1500.009472,2256.032768,True
Qwen2-0.5B-Instruct,INT4,32-bit,performance,256,128,122,125,45.955748558044434,92.1666944026947,2.6547277289131266,1.356238289873455,4.9677098214285715,5.545008763505402,224.49550000000008,506.5163999999999,1.8401270491803285,4.052131199999999,0.5343966987487411,0.2445872220797138,37.86892655367232,2.511810302734375,86.7,2144.2085546666667,1500.009472,2400.030464,True,97.87732115677322,2.5136566162109375,87.8,1596.7342908006087,1500.009472,2256.032768,True
Qwen2-0.5B-Instruct,INT4,32-bit,performance,256,128,122,128,1.7886033058166504,95.45648431777954,68.20964693694143,1.3409251442142098,4.677405263157895,5.406844431554524,4.3599499999999995,510.9886000000001,0.035737295081967206,3.9920984375000006,14.582796037410384,0.24800512779478656,56.900000000000006,2.5141143798828125,86.2,1711.4796898461539,1500.009472,2256.022784,True,97.88621700879764,2.5159454345703125,88.4,1563.965845771261,1500.009472,2256.019456,True
Qwen2-0.5B-Instruct,INT4,32-bit,performance,256,128,122,31,1.851372241973877,23.21089267730713,65.89706663740799,1.3355798258594398,4.883135,5.4673341463414635,4.3958,120.6694,0.03603114754098361,3.8925612903225804,13.494827940945312,0.24428355577153815,56.43571428571429,2.516632080078125,86.7,1846.5944502857144,1500.0128,2256.029184,True,97.45843373493976,2.516632080078125,87.8,1583.3981794698793,1500.0128,2256.022784,True
Qwen2-0.5B-Instruct,INT4,32-bit,performance,256,512,122,126,1.8059182167053223,95.92582106590271,67.55566164151892,1.313514949363173,5.283194117647059,5.431204312354312,5.6502,517.7147999999999,0.04631311475409836,4.1088476190476175,12.786897497456659,0.2418459836569455,56.16923076923077,2.5168609619140625,86.7,1752.7121920000002,1500.0128,2201.024256,True,97.6959479015919,2.5168609619140625,88.4,1557.921459681621,1500.009472,2256.032768,True
Qwen2-0.5B-Instruct,INT4,32-bit,performance,256,512,122,122,1.8807592391967773,92.05690670013428,64.86742027230608,1.3252672110459045,4.6467849999999995,5.416524425634824,4.8654,494.1314499999998,0.03988032786885246,4.050257786885244,13.9596345155427,0.2446711409208833,58.6,2.5168609619140625,86.2,1696.3753965714284,1500.0128,2201.024256,True,98.00537634408602,2.5168609619140625,87.8,1557.7419936835638,1500.009472,2201.033984,True
Qwen2-0.5B-Instruct,INT4,32-bit,performance,256,512,122,77,1.8991103172302246,58.49253034591675,64.2406072428336,1.3164074035544817,5.16371875,5.404495419847328,5.2872,308.49855,0.043337704918032786,4.006474675324676,12.440764176560469,0.24357637508954888,55.873333333333335,2.5168609619140625,87.8,1819.8195968,1500.009472,2256.026112,True,97.60216346153847,2.5168609619140625,87.8,1557.8719916923076,1500.009472,2201.030656,True
Qwen2-0.5B-Instruct,INT4,32-bit,performance,1024,128,205,1,80.26392650604248,0.6895644664764404,2.554073902484288,1.45019073431935,4.794445406125166,5.77141,382.53560000000004,0.0,1.866027317073171,0.0,0.532715191463296,0.25127148033484886,41.08648208469055,2.5221405029296875,86.2,2037.1260472703584,1500.009472,2400.033792,True,94.96000000000001,2.5221405029296875,85.1,1802.4207615999999,1500.016128,2311.027968,True
Qwen2-0.5B-Instruct,INT4,32-bit,performance,1024,128,205,128,1.8961923122406006,78.71574330329895,108.11139707541876,1.6261041899433548,5.208305882352941,5.44047476635514,4.64845,190.90994999999998,0.02267536585365854,1.4914839843749998,20.757497642703274,0.29889012628079287,55.78,2.5221405029296875,86.2,1769.4213546666665,1500.0128,2256.029184,True,94.6094890510949,2.523101806640625,87.8,1582.060578569343,1500.009472,2256.026112,True
Qwen2-0.5B-Instruct,INT4,32-bit,performance,1024,512,205,512,90.75557827949524,468.3163306713104,2.2588143217893686,1.093278125206676,5.201194848084545,5.460311066452304,468.22400000000005,2549.04915,2.284019512195122,4.97861162109375,0.43428757963590364,0.20022268180354885,58.882678311499276,2.52374267578125,87.3,1889.2838293799125,1500.009472,2366.033152,True,97.27634777189155,2.5277557373046875,88.4,1542.6529287578685,1500.009472,2256.03584,True
Qwen2-0.5B-Instruct,INT4,32-bit,performance,1024,512,205,11,143.80008745193481,17.044109344482422,1.4255902317759108,0.6453842660638033,5.448498864557989,5.381558450704225,778.474,86.45260000000002,3.797434146341464,7.859327272727274,0.26164825710972456,0.11992516145194873,98.6123076923077,2.5284881591796875,87.8,1527.175053643956,1500.009472,2201.024256,True,99.76636363636364,2.5284881591796875,87.3,1523.5088407272726,1500.009472,2146.0288,True
Qwen2-0.5B-Instruct,INT4,32-bit,performance,1024,512,205,210,178.96750283241272,261.06838035583496,1.14545935298636,0.8043869568339567,5.425874700315457,5.413229699416779,967.2319499999995,1408.4605999999997,4.718204634146339,6.706955238095237,0.21111054277013874,0.1485964944219199,98.92317487266554,2.1983184814453125,88.4,1520.949946458404,1500.009472,2201.033984,True,99.07787081339714,2.1991424560546875,88.4,1533.3111400574164,1500.009472,2201.030656,True
Qwen2-0.5B-Instruct,INT4,32-bit,performance,1024,512,205,23,2.2904891967773438,24.574063062667847,89.50053127883312,0.9359461616642828,5.423825,5.561087562189055,5.554,134.43574999999998,0.02709268292682927,5.845032608695652,16.50136781309005,0.16830271978236194,89.08666666666666,2.1997528076171875,87.8,1543.0838442666668,1500.0128,2146.0288,True,97.99802631578947,2.1997528076171875,87.3,1504.2675014736842,1500.009472,2146.022272,True
Qwen2-0.5B-Instruct,INT4,32-bit,performance,1024,512,205,23,144.2849588394165,35.7462739944458,1.420799518182328,0.6434237035046982,5.474586464315013,5.414225862068966,791.4154499999999,182.88710000000003,3.8605631707317065,7.951613043478262,0.25952636376163263,0.1188394647538445,96.00658747300217,2.5284881591796875,87.8,1541.252724388769,1500.009472,2256.029184,True,99.81135371179039,2.5284881591796875,87.8,1525.4065975895196,1500.009472,2146.0288,True
Qwen2-0.5B-Instruct,INT4,32-bit,performance,1024,512,205,512,2.360307455062866,604.8677518367767,86.85309177000413,0.8464660224408243,5.628541666666667,5.444862034027911,11.2777,3295.1669500000053,0.05501317073170731,6.43587294921876,15.430833937743635,0.15546142714926414,87.4923076923077,2.1997528076171875,87.3,1549.709902769231,1500.009472,2146.022272,True,99.15805309734513,2.2001953125,87.8,1536.4458796338813,1500.009472,2201.030656,True
Qwen2-0.5B-Instruct,INT4,32-bit,performance,2048,128,424,128,228.3982756137848,184.02020049095154,1.856406309813706,0.695575809930138,5.464278690127077,5.3956401422107305,1248.5517499999994,986.0670000000005,2.9446975235849044,7.703648437500004,0.33973492478849643,0.12891441823344857,83.5072312703583,2.2161407470703125,87.8,1601.962394267101,1500.009472,2256.029184,True,99.44615384615385,2.2161407470703125,88.4,1536.793085645485,1500.009472,2201.027328,True
Qwen2-0.5B-Instruct,INT4,32-bit,performance,2048,128,424,94,233.94342732429504,144.6004831790924,1.8124039852260794,0.6500669841025215,5.462212092130518,5.391178541839271,1273.7549000000008,771.2212500000002,3.0041389150943414,8.204481382978726,0.331807691582909,0.12057975432598873,84.32458703939008,2.537994384765625,88.4,1587.970881870394,1500.009472,2256.029184,True,99.74417372881356,2.537994384765625,87.8,1535.2098040677965,1500.009472,2201.027328,True
Qwen2-0.5B-Instruct,INT4,32-bit,performance,2048,128,424,128,221.0945484638214,200.71900939941406,1.9177315901544303,0.6377074118838973,5.458463511525258,5.385448730064974,1199.1324500000007,1082.66935,2.8281425707547188,8.458354296875,0.35133175958861707,0.11841305039704715,81.28208360982084,2.2161407470703125,87.8,1591.744340512276,1500.009472,2311.027968,True,99.6933484504913,2.2161407470703125,87.8,1540.182281094482,1500.009472,2201.030656,True
Qwen2-0.5B-Instruct,INT4,32-bit,performance,2048,128,424,128,219.46184706687927,204.06346487998962,1.9319986852693778,0.6272558396245854,5.455412190287413,5.379313093858633,1189.0825500000008,1096.4158,2.8044399764150962,8.5657484375,0.3541434850164076,0.11660519264823993,81.26524064171123,2.537994384765625,87.8,1613.146558459893,1500.009472,2256.032768,True,99.70964125560538,2.537994384765625,87.8,1548.4636006935725,1500.009472,2256.029184,True
Qwen2-0.5B-Instruct,INT4,32-bit,performance,2048,128,424,128,218.62555265426636,192.44869112968445,1.9393890368822169,0.6651123437038357,5.466808287841191,5.396792928039702,1192.3646000000008,1032.9278000000002,2.8121806603773605,8.069748437500001,0.3547570967863718,0.12324214632141298,80.68825136612023,2.2161407470703125,88.4,1625.890660284153,1500.009472,2256.022784,True,99.59056304520222,2.2161407470703125,87.8,1538.6582278699445,1500.009472,2201.030656,True
Qwen2-0.5B-Instruct,INT4,32-bit,performance,2048,512,424,163,220.90669083595276,249.60608005523682,1.9193624167538959,0.6530289645345528,5.4707216920806685,5.410877033492823,1203.26885,1343.8392000000008,2.8378982311320753,8.244412269938655,0.35084263553971956,0.12068819167250791,81.56293045239703,2.537994384765625,87.8,1607.5360114949358,1500.009472,2311.02464,True,99.62250464972102,2.537994384765625,88.4,1539.4712499342838,1500.009472,2256.032768,True
Qwen2-0.5B-Instruct,INT4,32-bit,performance,2048,512,424,424,227.98249411582947,672.5886738300323,1.8597919179907791,0.63040014870537,5.4991127753303966,5.429570597652082,1249.5597499999997,3646.204300000003,2.947074882075471,8.599538443396234,0.3381985411053949,0.11610497319584996,83.15944907110826,2.2161407470703125,87.8,1606.7453128404868,1500.009472,2311.027968,True,99.7018941122775,2.216888427734375,88.4,1549.460946256504,1500.009472,2256.026112,True
Qwen2-0.5B-Instruct,INT4,32-bit,performance,2048,512,424,405,3.9111223220825195,461.27692198753357,108.40878016165871,0.8779975340083142,5.586322580645161,5.472983592184368,16.6652,2521.123750000002,0.039304716981132075,6.224996913580252,19.406108150156026,0.16042392951115886,98.916,2.2172088623046875,87.3,1551.69831424,1500.0128,2146.032,True,99.09990092470278,2.2172088623046875,88.4,1531.9512652681638,1500.009472,2201.030656,True
Qwen2-0.5B-Instruct,INT4,32-bit,performance,2048,512,424,89,3.1197612285614014,143.3477063179016,135.9078368300374,0.6208679740059815,5.482379999999999,5.420372892561984,11.1125,773.0453500000006,0.026208726415094342,8.68590280898877,24.789933720398338,0.11454340620328118,99.71578947368421,2.2172088623046875,87.8,1500.0171654736841,1500.0128,1500.022656,True,99.77963944856839,2.2172088623046875,88.4,1554.3705513128314,1500.009472,2201.030656,True
Qwen2-0.5B-Instruct,INT4,32-bit,performance,2048,512,424,424,339.79303908348083,489.38833594322205,1.247818381281881,0.8663876289221403,5.489362336792768,5.444849205607476,1866.3051999999989,2670.9688500000007,4.401663207547167,6.299454834905662,0.22731572534724231,0.15912059199543585,98.87430741733691,2.5411834716796875,88.4,1526.6721634030384,1500.009472,2201.033984,True,98.36825112107623,2.5411834716796875,88.4,1558.461097250822,1500.009472,2256.026112,True
Qwen2-0.5B-Instruct,None (Full Precision),16-bit,performance,256,128,122,122,39.722137689590454,48.45787191390991,3.071335207419393,2.517650800199084,5.099182777777778,6.270799462365591,154.23290000000003,293.16069999999996,1.264204098360656,2.402956557377049,0.6023191050935185,0.40148801046961363,32.45760517799353,1.976348876953125,84.5,2398.3415922330096,2146.018816,2400.03712,True,99.70697674418604,1.9767913818359375,86.7,1723.494075534884,1500.009472,2400.033792,True
Qwen2-0.5B-Instruct,None (Full Precision),16-bit,performance,256,128,122,128,0.48676133155822754,55.39304733276367,250.6361785342558,2.310759313006617,5.8549625,5.760018238993711,0.0,312.05854999999997,0.0,2.4379574218749998,42.80747802129489,0.40117222153281107,90.66666666666667,1.976959228515625,86.2,1967.3547093333334,1500.009472,2201.027328,True,99.6948051948052,1.977386474609375,87.3,1597.6240024935064,1500.009472,2201.033984,True
Qwen2-0.5B-Instruct,None (Full Precision),16-bit,performance,256,128,122,125,0.6595208644866943,55.84895086288452,184.98277548042807,2.2381799132966544,5.4585125,5.641797363083165,0.0,312.25690000000003,0.0,2.4980552,33.88886175133391,0.3967139847918111,61.779999999999994,1.9775390625,86.2,1629.2199679999999,1500.0128,2146.032,True,99.74296675191816,1.9775390625,87.3,1573.4174412276216,1500.009472,2256.019456,True
Qwen2-0.5B-Instruct,None (Full Precision),16-bit,performance,256,512,122,122,0.63016676902771,54.8881139755249,193.59954538420823,2.222703444581843,4.966677777777778,5.6338450819672135,0.0,305.9127000000001,0.0,2.507481147540984,38.97968703555191,0.3945269016530579,76.2,1.9775390625,86.2,1791.418368,1500.0128,2256.016128,True,99.72805194805196,1.9775390625,87.8,1575.667977309091,1500.009472,2201.024256,True
Qwen2-0.5B-Instruct,None (Full Precision),16-bit,performance,256,512,122,122,0.4949331283569336,54.95565223693848,246.49794691459127,2.219971832451433,0.0,5.572493827160494,0.0,302.9017499999999,0.0,2.482801229508196,0.0,0.3983803125328245,73.43333333333334,1.9775390625,86.2,1715.352576,1500.0128,2146.0288,True,99.69184210526316,1.9775390625,87.8,1570.1528565894737,1500.009472,2201.033984,True
Qwen2-0.5B-Instruct,None (Full Precision),16-bit,performance,256,512,122,137,0.5488572120666504,62.02365708351135,222.28003443851065,2.20883460347295,0.0,5.5736804659498205,0.0,347.29585000000003,0.0,2.5350062043795623,0.0,0.3962973150267484,66.475,1.9775390625,87.3,1702.77072,1500.0128,2311.027968,True,99.73202764976958,1.9775390625,87.8,1563.0411691059908,1500.009472,2256.026112,True
Qwen2-0.5B-Instruct,None (Full Precision),16-bit,performance,1024,128,205,128,72.47904896736145,57.194833517074585,2.8284035582795104,2.237964377705334,4.805326894502229,5.678015308151094,343.26275000000004,318.60395,1.6744524390243904,2.489093359375,0.5885975336070237,0.39414553435469196,39.30018018018018,1.9818115234375,86.7,2180.318765434234,1500.0128,2400.033792,True,99.71007556675063,1.98223876953125,87.8,1591.8351821057934,1500.009472,2201.033984,True
Qwen2-0.5B-Instruct,None (Full Precision),16-bit,performance,1024,128,205,128,0.5463705062866211,58.20312762260437,375.2032689196053,2.1991945317778523,0.0,5.58357927756654,0.0,323.80305,0.0,2.529711328125,0.0,0.3938682379981027,80.3,1.9822540283203125,86.2,1500.0215893333334,1500.019456,1500.022656,True,99.56240786240787,1.982666015625,87.8,1594.2056799606878,1500.009472,2201.033984,True
Qwen2-0.5B-Instruct,None (Full Precision),16-bit,performance,1024,128,205,128,0.5569570064544678,58.24662494659424,368.0714985614587,2.197552220705697,5.656022222222223,5.574045647969052,0.0,318.5454000000001,0.0,2.4886359375000007,65.07603472902291,0.39424725944007877,79.46000000000001,1.982666015625,86.2,1629.2193024,1500.0128,2146.0288,True,99.75292682926829,1.982666015625,87.8,1563.1770230634147,1500.009472,2201.020672,True
Qwen2-0.5B-Instruct,None (Full Precision),16-bit,performance,1024,512,205,323,0.6096212863922119,151.01330161094666,336.2743470019011,2.1388844330557064,5.1512,5.520951791044776,0.0,830.9862999999997,0.0,2.5727130030959744,65.28077865388668,0.38741226404567963,72.38,1.982666015625,87.3,1500.016128,1500.0128,1500.019456,True,99.77802816901409,1.9833526611328125,87.8,1560.3790122065727,1500.009472,2201.030656,True
Qwen2-0.5B-Instruct,None (Full Precision),16-bit,performance,1024,512,205,72,0.5546283721923828,32.71392321586609,369.61686469384597,2.2008977500161264,5.199944444444444,5.637023758865248,0.0,174.0636,0.0,2.4175500000000003,71.08092569887742,0.39043613157649254,82.2,1.983367919921875,85.6,1500.0139093333335,1500.009472,1500.016128,True,99.42434782608694,1.983367919921875,87.3,1567.666032973913,1500.009472,2201.024256,True
Qwen2-0.5B-Instruct,None (Full Precision),16-bit,performance,1024,512,205,276,0.5487921237945557,128.75473713874817,373.54763509095704,2.143610449863122,5.7376555555555555,5.530694255874674,0.0,708.8643000000005,0.0,2.5683489130434802,65.10457650760596,0.3875843340257311,76.0,1.983367919921875,86.2,1769.4208768,1500.0128,2201.030656,True,99.72640264026403,1.983367919921875,87.8,1569.4981229834984,1500.009472,2201.033984,True
Qwen2-0.5B-Instruct,None (Full Precision),16-bit,performance,2048,128,424,128,148.36040472984314,59.306724309921265,2.857905387708282,2.1582712835580975,4.7746937995674115,5.694047916666666,705.2996499999997,333.01719999999995,1.6634425707547162,2.6016968749999996,0.5985525999525266,0.37903988781702486,39.08116826503923,1.9995880126953125,86.2,2207.8698274594594,1500.009472,2400.033792,True,99.79057971014494,2.0000152587890625,87.8,1615.7868039420289,1500.009472,2256.029184,True
Qwen2-0.5B-Instruct,None (Full Precision),16-bit,performance,2048,128,424,128,144.9632544517517,58.75841546058655,2.92487914681248,2.17841136451099,4.811934308705194,5.767021928166352,695.6479500000003,335.05925,1.640679127358491,2.617650390625,0.6078385445788668,0.3777359253432949,39.1053982300885,2.0000152587890625,85.6,2256.5698265486726,1500.0128,2400.03712,True,99.73406326034062,2.0000152587890625,87.8,1612.184308788321,1500.009472,2256.032768,True
Qwen2-0.5B-Instruct,None (Full Precision),16-bit,performance,2048,128,424,118,145.3209137916565,53.69973397254944,2.9176805246895143,2.19740380949224,4.817029624170965,5.79603193277311,694.0153500000005,308.0647,1.6368286556603784,2.6107177966101696,0.6057011794258296,0.37912210197932655,39.0952296819788,2.003875732421875,86.2,2262.0571185300355,1500.0128,2400.03712,True,99.76781002638522,2.003875732421875,87.3,1642.6896629868072,1500.009472,2256.032768,True
Qwen2-0.5B-Instruct,None (Full Precision),16-bit,performance,2048,512,424,424,147.47308254241943,203.38801383972168,2.875100951918055,2.0846852869812174,4.801691231884058,5.642102710176991,708.0725500000002,1144.8792999999996,1.6699824292452834,2.700187028301886,0.5987683949411176,0.36948729827639404,39.16130434782609,2.003875732421875,86.2,2232.3688420173917,1500.0128,2400.03712,True,99.72774687065369,2.0041046142578125,87.8,1590.5737096189152,1500.009472,2311.034624,True
Qwen2-0.5B-Instruct,None (Full Precision),16-bit,performance,2048,512,424,237,147.31570553779602,109.45114278793335,2.878172415168704,2.16534970730455,4.782417514534884,5.715021135646688,699.9938500000004,625.7822000000001,1.650928891509435,2.6404312236286924,0.6018237442509496,0.3788874364433174,39.03614982578397,2.004119873046875,86.2,2231.07143102439,1500.0128,2400.03712,True,99.78164062500001,2.004119873046875,87.8,1604.8590163333336,1500.009472,2366.033152,True
Qwen2-0.5B-Instruct,None (Full Precision),16-bit,performance,2048,512,424,432,147.89959859848022,206.800856590271,2.8668096737103443,2.0889662021850812,4.758982987848463,5.620598267460748,704.1022999999999,1160.6461000000002,1.6606186320754714,2.6866807870370373,0.6023996473680251,0.371662606501999,39.35721739130435,2.004119873046875,86.2,2219.938829022609,1500.009472,2400.033792,True,99.67756497948017,2.004119873046875,87.8,1595.1130949165527,1500.009472,2311.02464,True
Qwen2-0.5B-Instruct,INT4,16-bit,ondemand,256,128,122,24,42.31003165245056,15.108950853347778,2.8834769258068818,1.5884623778945035,4.791264453125,6.327937404580153,196.37789999999998,89.40964999999998,1.6096549180327868,3.7254020833333326,0.6018196144289626,0.25102371852553035,34.837003058103974,2.0765838623046875,84.0,2301.962703853211,2000.017152,2400.03712,True,95.94579439252337,2.0765838623046875,86.7,1936.3588713271029,1500.0128,2400.03712,True
Qwen2-0.5B-Instruct,INT4,16-bit,ondemand,256,128,122,113,1.6495792865753174,81.67305541038513,73.95825165414361,1.3835652337506585,5.361188888888889,5.717010841654779,5.01,452.8059500000001,0.0410655737704918,4.007132300884956,13.795121415591742,0.24200850270736726,50.776923076923076,2.0765838623046875,85.1,2071.7161156923075,1500.022656,2211.023872,True,96.60706896551724,2.0765838623046875,87.8,1658.3920264827586,1500.009472,2256.026112,True
Qwen2-0.5B-Instruct,INT4,16-bit,ondemand,256,128,122,1,1.7366390228271484,0.7524340152740479,70.2506383862036,1.3290201927351528,4.846925000000001,0.0,4.43445,0.0,0.03634795081967213,0.0,14.493857112747483,0.0,52.725,2.0765838623046875,85.6,1914.4385493333332,1500.016128,2211.023872,True,97.2,2.0765838623046875,85.1,1729.4212095999999,1500.0128,2101.023232,True
Qwen2-0.5B-Instruct,INT4,16-bit,ondemand,256,512,122,1,1.6793992519378662,0.7342731952667236,72.64502461771592,1.361890923495786,4.973845,0.0,4.5933,0.0,0.03765,0.0,14.60540580128973,0.0,53.44166666666666,2.0765838623046875,86.2,2119.690944,1500.016128,2256.032768,True,90.8,2.0765838623046875,87.3,1500.0194346666667,1500.016128,1500.022656,True
Qwen2-0.5B-Instruct,INT4,16-bit,ondemand,256,512,122,35,1.6842436790466309,26.39433979988098,72.43607413688399,1.3260418811520274,4.71671,5.452133603238866,0.0,144.13339999999997,0.0,4.118097142857142,15.357330456374038,0.24321522135192833,52.07692307692308,2.0765838623046875,86.2,1756.2521895384614,1500.016128,2101.016576,True,97.05828877005348,2.0765838623046875,87.3,1662.2227631229948,1500.009472,2201.030656,True
Qwen2-0.5B-Instruct,INT4,16-bit,ondemand,256,512,122,120,1.5804016590118408,89.68052268028259,77.19556563632153,1.3380831914618572,4.4771,5.525279336734695,0.0,490.89910000000003,0.0,4.090825833333334,17.242314363387354,0.2421747589421663,54.58461538461539,2.0765838623046875,86.2,1819.329152,1500.009472,2256.032768,True,97.26347962382445,2.0765838623046875,87.8,1618.3577230846395,1500.009472,2256.026112,True
Qwen2-0.5B-Instruct,INT4,16-bit,ondemand,1024,128,205,128,71.9700186252594,95.84134268760681,2.848408322185023,1.3355405549483355,4.814129896907216,5.5056032482598605,342.82809999999995,526.3531500000001,1.672332195121951,4.112133984375001,0.591676664980509,0.24257842324007922,39.257602862254025,2.0765838623046875,86.2,2226.5146525080504,1500.0128,2400.033792,True,97.09867647058825,2.0765838623046875,87.8,1637.6693364705884,1500.009472,2311.02464,True
Qwen2-0.5B-Instruct,INT4,16-bit,ondemand,1024,128,205,21,1.740201473236084,15.590681552886963,117.8024517004812,1.34695843339263,5.052526666666667,5.508963157894737,4.8608,76.3433,0.023711219512195122,3.635395238095238,23.315552687265615,0.24450307522248405,52.08571428571429,2.0765838623046875,85.6,1900.5932982857144,1500.0128,2311.017984,True,97.41454545454546,2.0765838623046875,87.3,1660.0830894545454,1500.009472,2256.022784,True
Qwen2-0.5B-Instruct,INT4,16-bit,ondemand,1024,128,205,42,1.7075834274291992,31.182894945144653,120.05269945060991,1.3468922649383337,4.06875,5.550330107526882,0.0,173.48375,0.0,4.130565476190476,29.50603980352932,0.24266885731927795,51.24615384615385,2.0765838623046875,85.6,1798.559872,1500.0128,2156.028672,True,97.45818181818181,2.0765838623046875,87.8,1626.9192308363638,1500.009472,2201.033984,True
Qwen2-0.5B-Instruct,INT4,16-bit,ondemand,1024,512,205,39,1.6180882453918457,28.611198663711548,126.69271937659741,1.3631026248985816,5.183386666666666,5.557093902439025,4.49125,155.52700000000002,0.021908536585365852,3.987871794871795,24.442073787651847,0.24529055092992252,47.62307692307692,2.0765838623046875,86.2,1765.403894153846,1500.0128,2256.032768,True,97.30295566502463,2.0765838623046875,87.8,1602.935049458128,1500.009472,2201.030656,True
Qwen2-0.5B-Instruct,INT4,16-bit,ondemand,1024,512,205,97,1.6819140911102295,73.06569957733154,121.88494114148229,1.327572315889986,5.034682352941177,5.493293522906793,4.5616,395.14459999999985,0.022251707317073172,4.073655670103092,24.20906277637936,0.24167146910210927,55.24285714285714,2.0765838623046875,86.7,1831.6644937142858,1500.019456,2156.028672,True,97.32652671755724,2.0765838623046875,87.8,1641.0766356030533,1500.009472,2256.029184,True
Qwen2-0.5B-Instruct,INT4,16-bit,ondemand,1024,512,205,512,1.6079230308532715,393.2012116909027,127.49366484987362,1.302132304725667,4.53209,5.4824238026957275,0.0,2144.9262499999977,0.0,4.1893090820312455,28.131317968061893,0.23751033331013263,51.01538461538462,2.0765838623046875,86.7,1983.1760738461537,1500.019456,2156.022016,True,97.42455389007851,2.0765838623046875,88.4,1606.713163420414,1500.009472,2256.03584,True
Qwen2-0.5B-Instruct,INT4,16-bit,ondemand,2048,128,424,128,147.85935425758362,97.71699500083923,2.8675899616155216,1.3099052012283092,4.764791876347951,5.532866050808314,702.3837000000002,539.0841,1.6565653301886798,4.21159453125,0.6018290066036275,0.2367498488485802,39.23970588235294,2.0765838623046875,87.3,2225.141992415225,1500.009472,2400.03712,True,96.98657142857144,2.0765838623046875,88.4,1622.7404578742858,1500.009472,2256.026112,True
Qwen2-0.5B-Instruct,INT4,16-bit,ondemand,2048,128,424,128,145.8755226135254,97.02797055244446,2.906587701648359,1.319207227268707,4.787919752186589,5.542171510297483,696.8212499999998,535.32285,1.6434463443396223,4.182209765625,0.6070669209359562,0.23803074748184702,39.04811237928007,2.0765838623046875,86.7,2263.649705018437,1500.0128,2400.03712,True,97.06226685796268,2.0765838623046875,87.3,1663.4381949612628,1500.009472,2311.02464,True
Qwen2-0.5B-Instruct,INT4,16-bit,ondemand,2048,128,424,128,146.09552216529846,96.08181953430176,2.902210784532253,1.3321979186114734,4.809904360465116,5.599158294392524,699.2795500000002,535.8903500000001,1.6492442216981136,4.186643359375001,0.6033822228123493,0.2379282471698738,38.81044776119403,2.0765838623046875,86.2,2277.5797794837576,1500.009472,2400.03712,True,97.45523255813953,2.0765838623046875,87.8,1649.1547767441862,1500.009472,2366.033152,True
Qwen2-0.5B-Instruct,INT4,16-bit,ondemand,2048,512,424,424,146.89707159996033,329.6601929664612,2.8863747614701567,1.2861728805792962,4.877409117647058,5.511101868206522,714.95795,1814.5780999999993,1.6862215801886793,4.279665330188678,0.5917844273154987,0.23337853506196493,39.00518582541054,2.0765838623046875,86.2,2260.099010710458,1500.0128,2400.03712,True,97.49334186939821,2.0765838623046875,87.8,1619.3653129014083,1500.009472,2256.029184,True
Qwen2-0.5B-Instruct,INT4,16-bit,ondemand,2048,512,424,473,146.31643891334534,369.67940616607666,2.8978288642680154,1.2794870152639963,4.8264904,5.480130590394617,704.5559000000001,2017.7907500000001,1.6616884433962267,4.265942389006343,0.6004008345832441,0.23347746812943415,38.803499562554684,2.0765838623046875,86.2,2272.0395340822397,1500.0128,2400.03712,True,97.20739064856711,2.0765838623046875,87.8,1621.6126855143289,1500.009472,2311.034624,True
Qwen2-0.5B-Instruct,INT4,16-bit,ondemand,2048,512,424,23,145.23707246780396,16.762545585632324,2.919364820535005,1.372106633953854,4.804729882525697,5.572172847682119,692.9058499999999,89.55655000000002,1.6342119103773582,3.8937630434782617,0.6076022777372837,0.246242654609075,39.108641975308636,2.0765838623046875,86.2,2272.8341813051147,1500.0128,2400.03712,True,96.75528455284552,2.0765838623046875,87.3,1694.9063315772357,1500.0128,2256.029184,True
Qwen2-0.5B-Instruct,INT4,16-bit,performance,256,128,122,122,43.783113956451416,89.78431177139282,2.786462381852202,1.3588119972521946,4.8168337438423645,5.577562278481013,205.91774999999998,497.84144999999995,1.6878504098360654,4.080667622950819,0.5784842346726825,0.24362112503784575,39.49970588235294,2.0765838623046875,86.2,2202.9786864941175,1500.016128,2400.03712,True,97.41545741324921,2.0765838623046875,87.8,1629.9876471924292,1500.009472,2256.032768,True
Qwen2-0.5B-Instruct,INT4,16-bit,performance,256,128,122,128,43.65977144241333,95.36110591888428,2.7943343716518627,1.3422663125245098,4.762649753694581,5.4884803695150115,200.25764999999998,521.2698499999999,1.6414561475409835,4.072420703124999,0.5867184269605767,0.2445606474207211,39.992899408284025,2.0765838623046875,85.6,2217.570522130178,1500.0128,2400.033792,True,97.020796460177,2.0765838623046875,87.8,1621.958774938053,1500.009472,2311.031296,True
Qwen2-0.5B-Instruct,INT4,16-bit,performance,256,128,122,122,43.589921712875366,91.86359071731567,2.7988120924742166,1.3280560780104997,4.769977641277642,5.501945083932854,200.63465000000005,504.37355,1.6445463114754102,4.134209426229509,0.5867558095564894,0.2413793772476533,39.4185294117647,2.0765838623046875,85.6,2221.455063717647,1500.0128,2400.030464,True,97.16636085626912,2.0765838623046875,87.8,1622.6292348868503,1500.009472,2256.032768,True
Qwen2-0.5B-Instruct,INT4,16-bit,performance,256,512,122,1,43.49376940727234,0.6438827514648438,2.804999466879987,1.5530777889685408,4.87327208737864,5.45387,208.45204999999993,0.0,1.708623360655737,0.0,0.5755885197021313,0.2847661915242829,39.44166666666666,2.0765838623046875,86.2,2213.088382095238,1500.0128,2400.033792,True,86.075,2.0765838623046875,85.1,1661.517632,1500.009472,2146.022272,True
Qwen2-0.5B-Instruct,INT4,16-bit,performance,256,512,122,21,43.029112577438354,14.979163646697998,2.8352897071823135,1.4019474314661908,4.8099628078817735,5.576360902255638,201.61970000000002,77.00105,1.652620491803279,3.666716666666667,0.5894618774466007,0.2514090203342296,39.725,2.0765838623046875,86.2,2249.785347809524,1500.009472,2400.033792,True,96.99439252336448,2.0765838623046875,87.3,1693.3461484859813,1500.0128,2256.029184,True
Qwen2-0.5B-Instruct,INT4,16-bit,performance,256,512,122,40,43.11818265914917,29.334174871444702,2.8294327932235577,1.3635972436687804,4.818089655172414,5.593706015037594,201.9693,156.56200000000004,1.6554860655737704,3.914050000000001,0.5872520014620416,0.24377349113503885,39.62185628742515,2.0765838623046875,85.6,2232.029232287425,1500.0128,2400.03712,True,96.88181818181818,2.0765838623046875,87.3,1638.3880108708136,1500.009472,2201.033984,True
Qwen2-0.5B-Instruct,INT4,16-bit,performance,1024,128,205,22,1.6513752937316895,15.714550018310547,124.13895301579326,1.3999764533101913,5.1709941176470595,5.718256488549618,4.7629,84.07660000000001,0.023233658536585367,3.821663636363637,24.00678673993151,0.24482575346410915,49.76153846153846,2.0765838623046875,86.2,1707.24928,1500.0128,2201.024256,True,96.82767857142858,2.0765838623046875,87.3,1642.3763417142857,1500.0128,2256.029184,True
Qwen2-0.5B-Instruct,INT4,16-bit,performance,1024,128,205,128,1.7204084396362305,96.56131625175476,119.15775072769694,1.325582593202005,4.3389,5.481734717416378,0.0,529.06395,0.0,4.133312109375,27.46266351556776,0.24181808524779755,52.949999999999996,2.0765838623046875,86.2,1850.5217645714288,1500.0128,2256.026112,True,97.1632892804699,2.0765838623046875,87.8,1617.6667535976505,1500.009472,2201.033984,True
Qwen2-0.5B-Instruct,INT4,16-bit,performance,1024,128,205,128,1.712538242340088,96.95008873939514,119.70535602164361,1.3202669710191601,4.62806,5.477777560414269,4.2984,525.93795,0.02096780487804878,4.108890234375,25.8651262130663,0.2410223774985328,52.875,2.0765838623046875,86.2,1832.1877653333333,1500.0128,2201.030656,True,97.20331412103748,2.0765838623046875,88.4,1622.2958845417868,1500.009472,2201.033984,True
Qwen2-0.5B-Instruct,INT4,16-bit,performance,1024,512,205,26,1.6226880550384521,19.67707395553589,126.33358541308927,1.3213346689020924,5.174855555555556,5.48473595505618,4.9609,105.6899,0.02419951219512195,4.064996153846153,24.412968450387307,0.2409112635010263,49.76153846153846,2.0765838623046875,85.6,1927.1770092307693,1500.0128,2256.032768,True,97.46796875,2.0765838623046875,87.8,1571.534239,1500.009472,2201.030656,True
Qwen2-0.5B-Instruct,INT4,16-bit,performance,1024,512,205,29,1.7615315914154053,21.93252921104431,116.37599972605703,1.3222369258442297,4.7336800000000006,5.4707635,4.40275,115.9897,0.021476829268292683,3.9996448275862067,24.584678247379845,0.24169147978051503,56.99333333333333,2.0765838623046875,85.6,1741.0218922666668,1500.0128,2256.032768,True,97.70641025641027,2.0765838623046875,87.8,1659.1411150769231,1500.009472,2201.030656,True
Qwen2-0.5B-Instruct,INT4,16-bit,performance,1024,512,205,138,1.7400569915771484,105.63208079338074,117.81223315806031,1.306421297048307,4.92728947368421,5.42806511627907,4.47715,563.5561499999997,0.021839756097560975,4.083740217391302,23.910150557882748,0.24067900238158096,55.221428571428575,2.0765838623046875,86.2,1742.521033142857,1500.009472,2201.033984,True,97.23497340425531,2.0765838623046875,87.8,1593.9655436595745,1500.009472,2256.029184,True
Qwen2-0.5B-Instruct,INT4,16-bit,performance,2048,128,424,21,145.96865487098694,15.124761819839478,2.904733213954383,1.3884516166366234,4.828294501466276,5.747032061068703,700.7375499999997,82.26684999999999,1.6526829009433956,3.917469047619047,0.601606470581333,0.24159454860922258,39.0357454228422,2.0765838623046875,85.6,2252.1898505597214,1500.0128,2400.03712,True,96.72018348623853,2.0765838623046875,87.3,1698.2489224220183,1500.0128,2256.032768,True
Qwen2-0.5B-Instruct,INT4,16-bit,performance,2048,128,424,128,144.3428452014923,96.20442152023315,2.9374507576605287,1.33050017844637,4.845622197309417,5.567461547344111,695.2518000000002,528.9870499999997,1.6397448113207553,4.132711328124998,0.6062071366792853,0.2389778837504623,38.53280282935455,2.0765838623046875,85.6,2302.5988366259944,1500.009472,2400.03712,True,97.55356622998545,2.0765838623046875,87.8,1654.233441257642,1500.009472,2311.02464,True
Qwen2-0.5B-Instruct,INT4,16-bit,performance,2048,128,424,128,144.69520020484924,96.20991492271423,2.9302976145700117,1.330424209426054,4.870068062827225,5.5374242214532865,703.0139,526.9903,1.6580516509433962,4.11711171875,0.6016954130347171,0.2402604814476155,38.83144876325088,2.0765838623046875,86.2,2286.72695824735,1500.009472,2400.03712,True,97.14344624447716,2.0765838623046875,87.8,1661.677915617084,1500.009472,2311.021568,True
Qwen2-0.5B-Instruct,INT4,16-bit,performance,2048,512,424,512,146.5587773323059,401.3648886680603,2.8930372354200706,1.275647208950153,4.81147131327953,5.469304672380425,700.1592000000002,2200.4766,1.6513188679245288,4.297805859375,0.6012791196396342,0.23323754761589252,38.840034812880766,2.0765838623046875,87.8,2266.252633789382,1500.009472,2400.03712,True,97.32439193884642,2.0765838623046875,87.8,1613.7977149020153,1500.009472,2311.037952,True
Qwen2-0.5B-Instruct,INT4,16-bit,performance,2048,512,424,79,145.79451203346252,59.526772260665894,2.9082027443027774,1.3271339432627296,4.837797283406754,5.588595756457565,702.5419999999999,332.3868499999999,1.656938679245283,4.207428481012657,0.6011419193354118,0.23747180885810895,38.6852733686067,2.0765838623046875,86.2,2278.286825312169,1500.009472,2400.03712,True,97.26416861826698,2.0765838623046875,87.3,1663.5092629882904,1500.009472,2366.023424,True
Qwen2-0.5B-Instruct,INT4,16-bit,performance,2048,512,424,417,146.64814376831055,324.42585015296936,2.891274237128277,1.2853476373827215,4.792253260869566,5.513266817391305,695.7613499999999,1796.5997500000003,1.640946580188679,4.308392685851319,0.6033225039954688,0.23313720883744665,39.132984293193715,2.0765838623046875,86.2,2253.2854956230367,1500.0128,2400.03712,True,97.27898363479758,2.0765838623046875,88.4,1622.3547554728684,1500.009472,2366.020096,True
